sales_id,sales_date,customer_id,product_id,quantity,unit_price,total_revenue,cogs,profit
TRX-202501-0001,2025-01-01,CUST003,PRD007,3,225000,675000,540000,135000
TRX-202501-0001,2025-01-01,CUST003,PRD006,4,110000,440000,300000,140000
TRX-202501-0001,2025-01-01,CUST003,PRD005,6,105000,630000,420000,210000
TRX-202501-0002,2025-01-01,CUST002,PRD007,2,225000,450000,360000,90000
TRX-202501-0003,2025-01-02,CUST005,PRD011,3,35000,105000,66000,39000
TRX-202501-0003,2025-01-02,CUST005,PRD006,6,110000,660000,450000,210000
TRX-202501-0004,2025-01-02,CUST006,PRD011,5,35000,175000,110000,65000
TRX-202501-0005,2025-01-02,CUST002,PRD011,4,35000,140000,88000,52000
TRX-202501-0005,2025-01-02,CUST002,PRD003,3,130000,390000,255000,135000
TRX-202501-0005,2025-01-02,CUST002,PRD009,8,52000,416000,280000,136000
TRX-202501-0006,2025-01-02,CUST007,PRD011,4,35000,140000,88000,52000
TRX-202501-0006,2025-01-02,CUST007,PRD009,6,52000,312000,210000,102000
TRX-202501-0007,2025-01-02,CUST001,PRD001,6,175000,1050000,720000,330000
TRX-202501-0008,2025-01-03,CUST008,PRD001,2,175000,350000,240000,110000
TRX-202501-0009,2025-01-03,CUST003,PRD003,2,130000,260000,170000,90000
TRX-202501-0009,2025-01-03,CUST003,PRD011,7,35000,245000,154000,91000
TRX-202501-0009,2025-01-03,CUST003,PRD007,7,225000,1575000,1260000,315000
TRX-202501-0010,2025-01-03,CUST008,PRD005,2,105000,210000,140000,70000
TRX-202501-0010,2025-01-03,CUST008,PRD009,5,52000,260000,175000,85000
TRX-202501-0010,2025-01-03,CUST008,PRD001,6,175000,1050000,720000,330000
TRX-202501-0011,2025-01-04,CUST002,PRD005,1,105000,105000,70000,35000
TRX-202501-0011,2025-01-04,CUST002,PRD004,4,105000,420000,280000,140000
TRX-202501-0012,2025-01-04,CUST002,PRD012,8,48000,384000,256000,128000
TRX-202501-0013,2025-01-05,CUST002,PRD001,4,175000,700000,480000,220000
TRX-202501-0013,2025-01-05,CUST002,PRD010,4,20000,80000,48000,32000
TRX-202501-0014,2025-01-05,CUST001,PRD012,1,48000,48000,32000,16000
TRX-202501-0015,2025-01-05,CUST004,PRD001,6,175000,1050000,720000,330000
TRX-202501-0016,2025-01-06,CUST006,PRD004,4,105000,420000,280000,140000
TRX-202501-0017,2025-01-06,CUST004,PRD008,3,40000,120000,84000,36000
TRX-202501-0017,2025-01-06,CUST004,PRD003,5,130000,650000,425000,225000
TRX-202501-0017,2025-01-06,CUST004,PRD007,8,225000,1800000,1440000,360000
TRX-202501-0018,2025-01-06,CUST004,PRD008,2,40000,80000,56000,24000
TRX-202501-0019,2025-01-06,CUST001,PRD009,4,52000,208000,140000,68000
TRX-202501-0019,2025-01-06,CUST001,PRD001,3,175000,525000,360000,165000
TRX-202501-0019,2025-01-06,CUST001,PRD002,7,70000,490000,315000,175000
TRX-202501-0020,2025-01-06,CUST008,PRD004,1,105000,105000,70000,35000
TRX-202501-0020,2025-01-06,CUST008,PRD007,3,225000,675000,540000,135000
TRX-202501-0021,2025-01-07,CUST003,PRD010,2,20000,40000,24000,16000
TRX-202501-0022,2025-01-07,CUST004,PRD002,4,70000,280000,180000,100000
TRX-202501-0022,2025-01-07,CUST004,PRD010,1,20000,20000,12000,8000
TRX-202501-0023,2025-01-08,CUST002,PRD006,5,110000,550000,375000,175000
TRX-202501-0024,2025-01-08,CUST003,PRD009,1,52000,52000,35000,17000
TRX-202501-0024,2025-01-08,CUST003,PRD005,5,105000,525000,350000,175000
TRX-202501-0025,2025-01-08,CUST002,PRD005,2,105000,210000,140000,70000
TRX-202501-0026,2025-01-08,CUST002,PRD009,5,52000,260000,175000,85000
TRX-202501-0026,2025-01-08,CUST002,PRD003,4,130000,520000,340000,180000
TRX-202501-0026,2025-01-08,CUST002,PRD005,6,105000,630000,420000,210000
TRX-202501-0027,2025-01-09,CUST003,PRD003,5,130000,650000,425000,225000
TRX-202501-0027,2025-01-09,CUST003,PRD001,6,175000,1050000,720000,330000
TRX-202501-0028,2025-01-09,CUST001,PRD004,4,105000,420000,280000,140000
TRX-202501-0028,2025-01-09,CUST001,PRD011,2,35000,70000,44000,26000
TRX-202501-0029,2025-01-09,CUST006,PRD007,4,225000,900000,720000,180000
TRX-202501-0029,2025-01-09,CUST006,PRD010,3,20000,60000,36000,24000
TRX-202501-0029,2025-01-09,CUST006,PRD003,3,130000,390000,255000,135000
TRX-202501-0030,2025-01-09,CUST007,PRD003,6,130000,780000,510000,270000
TRX-202501-0031,2025-01-10,CUST006,PRD002,5,70000,350000,225000,125000
TRX-202501-0032,2025-01-10,CUST003,PRD005,7,105000,735000,490000,245000
TRX-202501-0032,2025-01-10,CUST003,PRD001,6,175000,1050000,720000,330000
TRX-202501-0032,2025-01-10,CUST003,PRD002,6,70000,420000,270000,150000
TRX-202501-0033,2025-01-10,CUST007,PRD009,4,52000,208000,140000,68000
TRX-202501-0033,2025-01-10,CUST007,PRD002,5,70000,350000,225000,125000
TRX-202501-0033,2025-01-10,CUST007,PRD007,1,225000,225000,180000,45000
TRX-202501-0034,2025-01-10,CUST007,PRD009,4,52000,208000,140000,68000
TRX-202501-0035,2025-01-10,CUST006,PRD002,6,70000,420000,270000,150000
TRX-202501-0035,2025-01-10,CUST006,PRD011,6,35000,210000,132000,78000
TRX-202501-0036,2025-01-11,CUST008,PRD008,4,40000,160000,112000,48000
TRX-202501-0036,2025-01-11,CUST008,PRD011,8,35000,280000,176000,104000
TRX-202501-0037,2025-01-11,CUST003,PRD002,6,70000,420000,270000,150000
TRX-202501-0037,2025-01-11,CUST003,PRD005,2,105000,210000,140000,70000
TRX-202501-0037,2025-01-11,CUST003,PRD009,4,52000,208000,140000,68000
TRX-202501-0038,2025-01-11,CUST005,PRD004,3,105000,315000,210000,105000
TRX-202501-0039,2025-01-11,CUST001,PRD004,8,105000,840000,560000,280000
TRX-202501-0040,2025-01-12,CUST006,PRD010,7,20000,140000,84000,56000
TRX-202501-0040,2025-01-12,CUST006,PRD009,8,52000,416000,280000,136000
TRX-202501-0041,2025-01-12,CUST003,PRD008,4,40000,160000,112000,48000
TRX-202501-0041,2025-01-12,CUST003,PRD012,5,48000,240000,160000,80000
TRX-202501-0041,2025-01-12,CUST003,PRD005,8,105000,840000,560000,280000
TRX-202501-0042,2025-01-12,CUST004,PRD008,5,40000,200000,140000,60000
TRX-202501-0042,2025-01-12,CUST004,PRD002,4,70000,280000,180000,100000
TRX-202501-0043,2025-01-12,CUST005,PRD006,2,110000,220000,150000,70000
TRX-202501-0043,2025-01-12,CUST005,PRD009,3,52000,156000,105000,51000
TRX-202501-0044,2025-01-12,CUST003,PRD007,3,225000,675000,540000,135000
TRX-202501-0045,2025-01-13,CUST008,PRD005,7,105000,735000,490000,245000
TRX-202501-0046,2025-01-13,CUST008,PRD007,6,225000,1350000,1080000,270000
TRX-202501-0047,2025-01-13,CUST007,PRD003,1,130000,130000,85000,45000
TRX-202501-0047,2025-01-13,CUST007,PRD008,7,40000,280000,196000,84000
TRX-202501-0047,2025-01-13,CUST007,PRD012,1,48000,48000,32000,16000
TRX-202501-0048,2025-01-14,CUST004,PRD001,3,175000,525000,360000,165000
TRX-202501-0049,2025-01-14,CUST004,PRD008,2,40000,80000,56000,24000
TRX-202501-0050,2025-01-15,CUST002,PRD001,7,175000,1225000,840000,385000
TRX-202501-0050,2025-01-15,CUST002,PRD006,6,110000,660000,450000,210000
TRX-202501-0050,2025-01-15,CUST002,PRD009,2,52000,104000,70000,34000
TRX-202501-0051,2025-01-15,CUST006,PRD007,8,225000,1800000,1440000,360000
TRX-202501-0052,2025-01-15,CUST002,PRD006,8,110000,880000,600000,280000
TRX-202501-0052,2025-01-15,CUST002,PRD011,3,35000,105000,66000,39000
TRX-202501-0053,2025-01-15,CUST007,PRD012,5,48000,240000,160000,80000
TRX-202501-0054,2025-01-16,CUST005,PRD012,1,48000,48000,32000,16000
TRX-202501-0054,2025-01-16,CUST005,PRD005,4,105000,420000,280000,140000
TRX-202501-0054,2025-01-16,CUST005,PRD009,2,52000,104000,70000,34000
TRX-202501-0055,2025-01-16,CUST004,PRD007,4,225000,900000,720000,180000
TRX-202501-0055,2025-01-16,CUST004,PRD008,8,40000,320000,224000,96000
TRX-202501-0055,2025-01-16,CUST004,PRD009,8,52000,416000,280000,136000
TRX-202501-0056,2025-01-16,CUST008,PRD002,5,70000,350000,225000,125000
TRX-202501-0057,2025-01-16,CUST004,PRD012,5,48000,240000,160000,80000
TRX-202501-0057,2025-01-16,CUST004,PRD004,6,105000,630000,420000,210000
TRX-202501-0058,2025-01-17,CUST002,PRD005,4,105000,420000,280000,140000
TRX-202501-0059,2025-01-17,CUST006,PRD005,1,105000,105000,70000,35000
TRX-202501-0060,2025-01-17,CUST003,PRD001,5,175000,875000,600000,275000
TRX-202501-0060,2025-01-17,CUST003,PRD012,3,48000,144000,96000,48000
TRX-202501-0061,2025-01-17,CUST008,PRD001,5,175000,875000,600000,275000
TRX-202501-0062,2025-01-18,CUST008,PRD005,7,105000,735000,490000,245000
TRX-202501-0062,2025-01-18,CUST008,PRD010,5,20000,100000,60000,40000
TRX-202501-0063,2025-01-18,CUST001,PRD012,4,48000,192000,128000,64000
TRX-202501-0063,2025-01-18,CUST001,PRD002,5,70000,350000,225000,125000
TRX-202501-0063,2025-01-18,CUST001,PRD004,2,105000,210000,140000,70000
TRX-202501-0064,2025-01-18,CUST003,PRD003,2,130000,260000,170000,90000
TRX-202501-0065,2025-01-18,CUST003,PRD007,8,225000,1800000,1440000,360000
TRX-202501-0066,2025-01-18,CUST008,PRD001,5,175000,875000,600000,275000
TRX-202501-0066,2025-01-18,CUST008,PRD004,5,105000,525000,350000,175000
TRX-202501-0067,2025-01-19,CUST007,PRD009,8,52000,416000,280000,136000
TRX-202501-0067,2025-01-19,CUST007,PRD012,8,48000,384000,256000,128000
TRX-202501-0068,2025-01-19,CUST002,PRD001,5,175000,875000,600000,275000
TRX-202501-0068,2025-01-19,CUST002,PRD007,1,225000,225000,180000,45000
TRX-202501-0068,2025-01-19,CUST002,PRD006,2,110000,220000,150000,70000
TRX-202501-0069,2025-01-19,CUST004,PRD010,5,20000,100000,60000,40000
TRX-202501-0069,2025-01-19,CUST004,PRD012,1,48000,48000,32000,16000
TRX-202501-0069,2025-01-19,CUST004,PRD001,3,175000,525000,360000,165000
TRX-202501-0070,2025-01-19,CUST008,PRD011,3,35000,105000,66000,39000
TRX-202501-0070,2025-01-19,CUST008,PRD008,7,40000,280000,196000,84000
TRX-202501-0070,2025-01-19,CUST008,PRD005,8,105000,840000,560000,280000
TRX-202501-0071,2025-01-20,CUST004,PRD006,8,110000,880000,600000,280000
TRX-202501-0071,2025-01-20,CUST004,PRD010,1,20000,20000,12000,8000
TRX-202501-0071,2025-01-20,CUST004,PRD008,4,40000,160000,112000,48000
TRX-202501-0072,2025-01-20,CUST005,PRD003,8,130000,1040000,680000,360000
TRX-202501-0072,2025-01-20,CUST005,PRD005,2,105000,210000,140000,70000
TRX-202501-0072,2025-01-20,CUST005,PRD008,1,40000,40000,28000,12000
TRX-202501-0073,2025-01-21,CUST007,PRD010,3,20000,60000,36000,24000
TRX-202501-0074,2025-01-21,CUST002,PRD007,5,225000,1125000,900000,225000
TRX-202501-0074,2025-01-21,CUST002,PRD006,1,110000,110000,75000,35000
TRX-202501-0075,2025-01-21,CUST005,PRD005,8,105000,840000,560000,280000
TRX-202501-0075,2025-01-21,CUST005,PRD010,3,20000,60000,36000,24000
TRX-202501-0075,2025-01-21,CUST005,PRD011,8,35000,280000,176000,104000
TRX-202501-0076,2025-01-22,CUST006,PRD008,2,40000,80000,56000,24000
TRX-202501-0077,2025-01-22,CUST008,PRD012,3,48000,144000,96000,48000
TRX-202501-0078,2025-01-22,CUST007,PRD003,5,130000,650000,425000,225000
TRX-202501-0078,2025-01-22,CUST007,PRD002,6,70000,420000,270000,150000
TRX-202501-0078,2025-01-22,CUST007,PRD008,7,40000,280000,196000,84000
TRX-202501-0079,2025-01-23,CUST001,PRD006,1,110000,110000,75000,35000
TRX-202501-0080,2025-01-23,CUST005,PRD006,3,110000,330000,225000,105000
TRX-202501-0080,2025-01-23,CUST005,PRD007,4,225000,900000,720000,180000
TRX-202501-0081,2025-01-23,CUST007,PRD011,3,35000,105000,66000,39000
TRX-202501-0081,2025-01-23,CUST007,PRD003,2,130000,260000,170000,90000
TRX-202501-0081,2025-01-23,CUST007,PRD012,7,48000,336000,224000,112000
TRX-202501-0082,2025-01-23,CUST004,PRD010,4,20000,80000,48000,32000
TRX-202501-0082,2025-01-23,CUST004,PRD003,8,130000,1040000,680000,360000
TRX-202501-0083,2025-01-24,CUST005,PRD011,7,35000,245000,154000,91000
TRX-202501-0084,2025-01-24,CUST005,PRD010,1,20000,20000,12000,8000
TRX-202501-0085,2025-01-24,CUST008,PRD004,6,105000,630000,420000,210000
TRX-202501-0085,2025-01-24,CUST008,PRD010,4,20000,80000,48000,32000
TRX-202501-0086,2025-01-24,CUST004,PRD005,2,105000,210000,140000,70000
TRX-202501-0086,2025-01-24,CUST004,PRD011,1,35000,35000,22000,13000
TRX-202501-0086,2025-01-24,CUST004,PRD003,5,130000,650000,425000,225000
TRX-202501-0087,2025-01-25,CUST002,PRD004,7,105000,735000,490000,245000
TRX-202501-0088,2025-01-25,CUST006,PRD007,1,225000,225000,180000,45000
TRX-202501-0089,2025-01-25,CUST005,PRD002,5,70000,350000,225000,125000
TRX-202501-0089,2025-01-25,CUST005,PRD008,7,40000,280000,196000,84000
TRX-202501-0089,2025-01-25,CUST005,PRD006,6,110000,660000,450000,210000
TRX-202501-0090,2025-01-25,CUST002,PRD004,6,105000,630000,420000,210000
TRX-202501-0090,2025-01-25,CUST002,PRD008,4,40000,160000,112000,48000
TRX-202501-0090,2025-01-25,CUST002,PRD001,2,175000,350000,240000,110000
TRX-202501-0091,2025-01-25,CUST008,PRD005,2,105000,210000,140000,70000
TRX-202501-0091,2025-01-25,CUST008,PRD011,3,35000,105000,66000,39000
TRX-202501-0091,2025-01-25,CUST008,PRD007,1,225000,225000,180000,45000
TRX-202501-0092,2025-01-26,CUST004,PRD002,6,70000,420000,270000,150000
TRX-202501-0092,2025-01-26,CUST004,PRD011,6,35000,210000,132000,78000
TRX-202501-0093,2025-01-26,CUST001,PRD005,2,105000,210000,140000,70000
TRX-202501-0093,2025-01-26,CUST001,PRD004,8,105000,840000,560000,280000
TRX-202501-0094,2025-01-26,CUST002,PRD004,1,105000,105000,70000,35000
TRX-202501-0094,2025-01-26,CUST002,PRD011,1,35000,35000,22000,13000
TRX-202501-0094,2025-01-26,CUST002,PRD010,6,20000,120000,72000,48000
TRX-202501-0095,2025-01-26,CUST004,PRD010,4,20000,80000,48000,32000
TRX-202501-0096,2025-01-26,CUST002,PRD004,4,105000,420000,280000,140000
TRX-202501-0096,2025-01-26,CUST002,PRD010,6,20000,120000,72000,48000
TRX-202501-0096,2025-01-26,CUST002,PRD012,3,48000,144000,96000,48000
TRX-202501-0097,2025-01-27,CUST002,PRD009,1,52000,52000,35000,17000
TRX-202501-0097,2025-01-27,CUST002,PRD004,5,105000,525000,350000,175000
TRX-202501-0098,2025-01-27,CUST008,PRD001,7,175000,1225000,840000,385000
TRX-202501-0098,2025-01-27,CUST008,PRD012,7,48000,336000,224000,112000
TRX-202501-0098,2025-01-27,CUST008,PRD008,2,40000,80000,56000,24000
TRX-202501-0099,2025-01-27,CUST008,PRD008,6,40000,240000,168000,72000
TRX-202501-0099,2025-01-27,CUST008,PRD002,3,70000,210000,135000,75000
TRX-202501-0099,2025-01-27,CUST008,PRD011,2,35000,70000,44000,26000
TRX-202501-0100,2025-01-27,CUST003,PRD010,6,20000,120000,72000,48000
TRX-202501-0100,2025-01-27,CUST003,PRD011,7,35000,245000,154000,91000
TRX-202501-0101,2025-01-28,CUST008,PRD002,2,70000,140000,90000,50000
TRX-202501-0102,2025-01-28,CUST002,PRD002,3,70000,210000,135000,75000
TRX-202501-0102,2025-01-28,CUST002,PRD006,1,110000,110000,75000,35000
TRX-202501-0103,2025-01-28,CUST006,PRD002,7,70000,490000,315000,175000
TRX-202501-0103,2025-01-28,CUST006,PRD007,1,225000,225000,180000,45000
TRX-202501-0103,2025-01-28,CUST006,PRD006,5,110000,550000,375000,175000
TRX-202501-0104,2025-01-29,CUST005,PRD005,1,105000,105000,70000,35000
TRX-202501-0104,2025-01-29,CUST005,PRD006,3,110000,330000,225000,105000
TRX-202501-0104,2025-01-29,CUST005,PRD011,3,35000,105000,66000,39000
TRX-202501-0105,2025-01-29,CUST007,PRD003,1,130000,130000,85000,45000
TRX-202501-0106,2025-01-29,CUST002,PRD009,7,52000,364000,245000,119000
TRX-202501-0106,2025-01-29,CUST002,PRD004,8,105000,840000,560000,280000
TRX-202501-0106,2025-01-29,CUST002,PRD007,6,225000,1350000,1080000,270000
TRX-202501-0107,2025-01-30,CUST005,PRD004,7,105000,735000,490000,245000
TRX-202501-0108,2025-01-30,CUST001,PRD004,5,105000,525000,350000,175000
TRX-202501-0109,2025-01-30,CUST004,PRD005,5,105000,525000,350000,175000
TRX-202501-0110,2025-01-30,CUST006,PRD001,8,175000,1400000,960000,440000
TRX-202501-0111,2025-01-30,CUST007,PRD003,7,130000,910000,595000,315000
TRX-202501-0112,2025-01-31,CUST006,PRD007,2,225000,450000,360000,90000
TRX-202501-0113,2025-01-31,CUST004,PRD010,2,20000,40000,24000,16000
TRX-202501-0113,2025-01-31,CUST004,PRD007,7,225000,1575000,1260000,315000
TRX-202501-0114,2025-01-31,CUST005,PRD006,3,110000,330000,225000,105000
TRX-202501-0114,2025-01-31,CUST005,PRD004,2,105000,210000,140000,70000
TRX-202501-0114,2025-01-31,CUST005,PRD012,2,48000,96000,64000,32000
TRX-202501-0115,2025-01-31,CUST004,PRD006,3,110000,330000,225000,105000
TRX-202501-0115,2025-01-31,CUST004,PRD011,4,35000,140000,88000,52000
TRX-202501-0116,2025-01-31,CUST002,PRD005,4,105000,420000,280000,140000
TRX-202502-0117,2025-02-01,CUST008,PRD001,6,175000,1050000,720000,330000
TRX-202502-0117,2025-02-01,CUST008,PRD012,5,48000,240000,160000,80000
TRX-202502-0118,2025-02-01,CUST002,PRD002,7,70000,490000,315000,175000
TRX-202502-0118,2025-02-01,CUST002,PRD010,8,20000,160000,96000,64000
TRX-202502-0118,2025-02-01,CUST002,PRD011,1,35000,35000,22000,13000
TRX-202502-0119,2025-02-01,CUST008,PRD011,8,35000,280000,176000,104000
TRX-202502-0119,2025-02-01,CUST008,PRD004,3,105000,315000,210000,105000
TRX-202502-0119,2025-02-01,CUST008,PRD006,1,110000,110000,75000,35000
TRX-202502-0120,2025-02-01,CUST008,PRD006,2,110000,220000,150000,70000
TRX-202502-0121,2025-02-02,CUST006,PRD010,3,20000,60000,36000,24000
TRX-202502-0122,2025-02-02,CUST006,PRD011,7,35000,245000,154000,91000
TRX-202502-0122,2025-02-02,CUST006,PRD012,3,48000,144000,96000,48000
TRX-202502-0123,2025-02-02,CUST002,PRD009,6,52000,312000,210000,102000
TRX-202502-0123,2025-02-02,CUST002,PRD007,3,225000,675000,540000,135000
TRX-202502-0124,2025-02-03,CUST006,PRD003,3,130000,390000,255000,135000
TRX-202502-0124,2025-02-03,CUST006,PRD010,3,20000,60000,36000,24000
TRX-202502-0124,2025-02-03,CUST006,PRD007,3,225000,675000,540000,135000
TRX-202502-0125,2025-02-03,CUST003,PRD008,6,40000,240000,168000,72000
TRX-202502-0125,2025-02-03,CUST003,PRD001,4,175000,700000,480000,220000
TRX-202502-0125,2025-02-03,CUST003,PRD007,8,225000,1800000,1440000,360000
TRX-202502-0126,2025-02-04,CUST008,PRD009,2,52000,104000,70000,34000
TRX-202502-0126,2025-02-04,CUST008,PRD002,5,70000,350000,225000,125000
TRX-202502-0127,2025-02-04,CUST002,PRD005,8,105000,840000,560000,280000
TRX-202502-0128,2025-02-05,CUST003,PRD008,1,40000,40000,28000,12000
TRX-202502-0128,2025-02-05,CUST003,PRD012,2,48000,96000,64000,32000
TRX-202502-0128,2025-02-05,CUST003,PRD010,1,20000,20000,12000,8000
TRX-202502-0129,2025-02-05,CUST005,PRD003,7,130000,910000,595000,315000
TRX-202502-0130,2025-02-05,CUST002,PRD004,2,105000,210000,140000,70000
TRX-202502-0130,2025-02-05,CUST002,PRD005,1,105000,105000,70000,35000
TRX-202502-0131,2025-02-05,CUST004,PRD011,8,35000,280000,176000,104000
TRX-202502-0131,2025-02-05,CUST004,PRD010,2,20000,40000,24000,16000
TRX-202502-0132,2025-02-05,CUST002,PRD010,1,20000,20000,12000,8000
TRX-202502-0132,2025-02-05,CUST002,PRD009,4,52000,208000,140000,68000
TRX-202502-0133,2025-02-06,CUST006,PRD012,2,48000,96000,64000,32000
TRX-202502-0134,2025-02-06,CUST006,PRD001,6,175000,1050000,720000,330000
TRX-202502-0135,2025-02-07,CUST004,PRD006,6,110000,660000,450000,210000
TRX-202502-0135,2025-02-07,CUST004,PRD001,5,175000,875000,600000,275000
TRX-202502-0136,2025-02-07,CUST002,PRD007,8,225000,1800000,1440000,360000
TRX-202502-0136,2025-02-07,CUST002,PRD012,7,48000,336000,224000,112000
TRX-202502-0137,2025-02-08,CUST001,PRD006,5,110000,550000,375000,175000
TRX-202502-0137,2025-02-08,CUST001,PRD010,1,20000,20000,12000,8000
TRX-202502-0137,2025-02-08,CUST001,PRD007,2,225000,450000,360000,90000
TRX-202502-0138,2025-02-08,CUST007,PRD009,3,52000,156000,105000,51000
TRX-202502-0138,2025-02-08,CUST007,PRD011,1,35000,35000,22000,13000
TRX-202502-0139,2025-02-08,CUST003,PRD011,3,35000,105000,66000,39000
TRX-202502-0139,2025-02-08,CUST003,PRD008,2,40000,80000,56000,24000
TRX-202502-0139,2025-02-08,CUST003,PRD001,4,175000,700000,480000,220000
TRX-202502-0140,2025-02-08,CUST006,PRD007,1,225000,225000,180000,45000
TRX-202502-0140,2025-02-08,CUST006,PRD010,3,20000,60000,36000,24000
TRX-202502-0141,2025-02-08,CUST008,PRD006,2,110000,220000,150000,70000
TRX-202502-0141,2025-02-08,CUST008,PRD008,3,40000,120000,84000,36000
TRX-202502-0142,2025-02-09,CUST002,PRD006,2,110000,220000,150000,70000
TRX-202502-0142,2025-02-09,CUST002,PRD011,5,35000,175000,110000,65000
TRX-202502-0142,2025-02-09,CUST002,PRD012,5,48000,240000,160000,80000
TRX-202502-0143,2025-02-09,CUST003,PRD012,6,48000,288000,192000,96000
TRX-202502-0143,2025-02-09,CUST003,PRD011,4,35000,140000,88000,52000
TRX-202502-0143,2025-02-09,CUST003,PRD003,2,130000,260000,170000,90000
TRX-202502-0144,2025-02-09,CUST004,PRD004,8,105000,840000,560000,280000
TRX-202502-0145,2025-02-09,CUST001,PRD009,6,52000,312000,210000,102000
TRX-202502-0145,2025-02-09,CUST001,PRD010,8,20000,160000,96000,64000
TRX-202502-0146,2025-02-09,CUST003,PRD002,7,70000,490000,315000,175000
TRX-202502-0146,2025-02-09,CUST003,PRD012,8,48000,384000,256000,128000
TRX-202502-0146,2025-02-09,CUST003,PRD005,7,105000,735000,490000,245000
TRX-202502-0147,2025-02-10,CUST005,PRD005,4,105000,420000,280000,140000
TRX-202502-0148,2025-02-10,CUST005,PRD011,5,35000,175000,110000,65000
TRX-202502-0149,2025-02-10,CUST002,PRD011,3,35000,105000,66000,39000
TRX-202502-0149,2025-02-10,CUST002,PRD003,3,130000,390000,255000,135000
TRX-202502-0149,2025-02-10,CUST002,PRD010,6,20000,120000,72000,48000
TRX-202502-0150,2025-02-10,CUST001,PRD002,1,70000,70000,45000,25000
TRX-202502-0151,2025-02-11,CUST006,PRD006,3,110000,330000,225000,105000
TRX-202502-0151,2025-02-11,CUST006,PRD012,6,48000,288000,192000,96000
TRX-202502-0151,2025-02-11,CUST006,PRD007,2,225000,450000,360000,90000
TRX-202502-0152,2025-02-11,CUST006,PRD008,2,40000,80000,56000,24000
TRX-202502-0153,2025-02-11,CUST005,PRD004,2,105000,210000,140000,70000
TRX-202502-0153,2025-02-11,CUST005,PRD003,1,130000,130000,85000,45000
TRX-202502-0154,2025-02-12,CUST008,PRD011,5,35000,175000,110000,65000
TRX-202502-0154,2025-02-12,CUST008,PRD012,1,48000,48000,32000,16000
TRX-202502-0154,2025-02-12,CUST008,PRD008,2,40000,80000,56000,24000
TRX-202502-0155,2025-02-12,CUST007,PRD005,6,105000,630000,420000,210000
TRX-202502-0156,2025-02-12,CUST007,PRD001,1,175000,175000,120000,55000
TRX-202502-0156,2025-02-12,CUST007,PRD007,4,225000,900000,720000,180000
TRX-202502-0157,2025-02-12,CUST006,PRD005,8,105000,840000,560000,280000
TRX-202502-0157,2025-02-12,CUST006,PRD002,5,70000,350000,225000,125000
TRX-202502-0157,2025-02-12,CUST006,PRD007,2,225000,450000,360000,90000
TRX-202502-0158,2025-02-13,CUST005,PRD006,8,110000,880000,600000,280000
TRX-202502-0158,2025-02-13,CUST005,PRD009,5,52000,260000,175000,85000
TRX-202502-0158,2025-02-13,CUST005,PRD011,8,35000,280000,176000,104000
TRX-202502-0159,2025-02-13,CUST001,PRD006,2,110000,220000,150000,70000
TRX-202502-0159,2025-02-13,CUST001,PRD011,7,35000,245000,154000,91000
TRX-202502-0160,2025-02-13,CUST005,PRD012,8,48000,384000,256000,128000
TRX-202502-0160,2025-02-13,CUST005,PRD011,5,35000,175000,110000,65000
TRX-202502-0160,2025-02-13,CUST005,PRD001,4,175000,700000,480000,220000
TRX-202502-0161,2025-02-13,CUST001,PRD008,7,40000,280000,196000,84000
TRX-202502-0161,2025-02-13,CUST001,PRD003,3,130000,390000,255000,135000
TRX-202502-0161,2025-02-13,CUST001,PRD009,4,52000,208000,140000,68000
TRX-202502-0162,2025-02-13,CUST001,PRD012,1,48000,48000,32000,16000
TRX-202502-0162,2025-02-13,CUST001,PRD002,8,70000,560000,360000,200000
TRX-202502-0162,2025-02-13,CUST001,PRD004,6,105000,630000,420000,210000
TRX-202502-0163,2025-02-14,CUST008,PRD004,5,105000,525000,350000,175000
TRX-202502-0164,2025-02-14,CUST005,PRD005,5,105000,525000,350000,175000
TRX-202502-0165,2025-02-14,CUST004,PRD012,8,48000,384000,256000,128000
TRX-202502-0165,2025-02-14,CUST004,PRD008,6,40000,240000,168000,72000
TRX-202502-0165,2025-02-14,CUST004,PRD006,5,110000,550000,375000,175000
TRX-202502-0166,2025-02-14,CUST005,PRD010,7,20000,140000,84000,56000
TRX-202502-0167,2025-02-15,CUST004,PRD002,7,70000,490000,315000,175000
TRX-202502-0168,2025-02-15,CUST006,PRD008,1,40000,40000,28000,12000
TRX-202502-0168,2025-02-15,CUST006,PRD002,3,70000,210000,135000,75000
TRX-202502-0168,2025-02-15,CUST006,PRD003,7,130000,910000,595000,315000
TRX-202502-0169,2025-02-15,CUST008,PRD011,5,35000,175000,110000,65000
TRX-202502-0169,2025-02-15,CUST008,PRD004,6,105000,630000,420000,210000
TRX-202502-0170,2025-02-16,CUST006,PRD008,8,40000,320000,224000,96000
TRX-202502-0170,2025-02-16,CUST006,PRD011,3,35000,105000,66000,39000
TRX-202502-0171,2025-02-16,CUST008,PRD004,6,105000,630000,420000,210000
TRX-202502-0171,2025-02-16,CUST008,PRD002,3,70000,210000,135000,75000
TRX-202502-0172,2025-02-17,CUST006,PRD010,1,20000,20000,12000,8000
TRX-202502-0172,2025-02-17,CUST006,PRD012,5,48000,240000,160000,80000
TRX-202502-0173,2025-02-17,CUST006,PRD004,8,105000,840000,560000,280000
TRX-202502-0173,2025-02-17,CUST006,PRD001,5,175000,875000,600000,275000
TRX-202502-0173,2025-02-17,CUST006,PRD002,3,70000,210000,135000,75000
TRX-202502-0174,2025-02-17,CUST007,PRD009,5,52000,260000,175000,85000
TRX-202502-0174,2025-02-17,CUST007,PRD005,6,105000,630000,420000,210000
TRX-202502-0174,2025-02-17,CUST007,PRD002,4,70000,280000,180000,100000
TRX-202502-0175,2025-02-17,CUST004,PRD008,3,40000,120000,84000,36000
TRX-202502-0176,2025-02-18,CUST003,PRD006,8,110000,880000,600000,280000
TRX-202502-0177,2025-02-18,CUST002,PRD004,2,105000,210000,140000,70000
TRX-202502-0177,2025-02-18,CUST002,PRD010,8,20000,160000,96000,64000
TRX-202502-0177,2025-02-18,CUST002,PRD008,1,40000,40000,28000,12000
TRX-202502-0178,2025-02-18,CUST008,PRD009,7,52000,364000,245000,119000
TRX-202502-0179,2025-02-19,CUST006,PRD008,7,40000,280000,196000,84000
TRX-202502-0179,2025-02-19,CUST006,PRD007,2,225000,450000,360000,90000
TRX-202502-0180,2025-02-19,CUST003,PRD006,7,110000,770000,525000,245000
TRX-202502-0180,2025-02-19,CUST003,PRD002,3,70000,210000,135000,75000
TRX-202502-0180,2025-02-19,CUST003,PRD003,4,130000,520000,340000,180000
TRX-202502-0181,2025-02-19,CUST001,PRD005,8,105000,840000,560000,280000
TRX-202502-0182,2025-02-19,CUST007,PRD007,8,225000,1800000,1440000,360000
TRX-202502-0182,2025-02-19,CUST007,PRD004,6,105000,630000,420000,210000
TRX-202502-0182,2025-02-19,CUST007,PRD011,3,35000,105000,66000,39000
TRX-202502-0183,2025-02-19,CUST005,PRD012,2,48000,96000,64000,32000
TRX-202502-0184,2025-02-20,CUST004,PRD003,4,130000,520000,340000,180000
TRX-202502-0184,2025-02-20,CUST004,PRD011,7,35000,245000,154000,91000
TRX-202502-0185,2025-02-20,CUST005,PRD001,3,175000,525000,360000,165000
TRX-202502-0185,2025-02-20,CUST005,PRD009,7,52000,364000,245000,119000
TRX-202502-0186,2025-02-20,CUST008,PRD006,7,110000,770000,525000,245000
TRX-202502-0187,2025-02-20,CUST006,PRD007,5,225000,1125000,900000,225000
TRX-202502-0187,2025-02-20,CUST006,PRD012,7,48000,336000,224000,112000
TRX-202502-0187,2025-02-20,CUST006,PRD003,3,130000,390000,255000,135000
TRX-202502-0188,2025-02-21,CUST005,PRD011,1,35000,35000,22000,13000
TRX-202502-0188,2025-02-21,CUST005,PRD010,2,20000,40000,24000,16000
TRX-202502-0189,2025-02-21,CUST004,PRD012,4,48000,192000,128000,64000
TRX-202502-0189,2025-02-21,CUST004,PRD011,8,35000,280000,176000,104000
TRX-202502-0189,2025-02-21,CUST004,PRD009,4,52000,208000,140000,68000
TRX-202502-0190,2025-02-22,CUST002,PRD008,6,40000,240000,168000,72000
TRX-202502-0190,2025-02-22,CUST002,PRD006,6,110000,660000,450000,210000
TRX-202502-0190,2025-02-22,CUST002,PRD004,7,105000,735000,490000,245000
TRX-202502-0191,2025-02-22,CUST001,PRD004,5,105000,525000,350000,175000
TRX-202502-0191,2025-02-22,CUST001,PRD003,7,130000,910000,595000,315000
TRX-202502-0191,2025-02-22,CUST001,PRD001,5,175000,875000,600000,275000
TRX-202502-0192,2025-02-22,CUST003,PRD006,4,110000,440000,300000,140000
TRX-202502-0193,2025-02-22,CUST007,PRD004,6,105000,630000,420000,210000
TRX-202502-0193,2025-02-22,CUST007,PRD008,5,40000,200000,140000,60000
TRX-202502-0193,2025-02-22,CUST007,PRD009,8,52000,416000,280000,136000
TRX-202502-0194,2025-02-22,CUST008,PRD003,3,130000,390000,255000,135000
TRX-202502-0194,2025-02-22,CUST008,PRD006,3,110000,330000,225000,105000
TRX-202502-0195,2025-02-23,CUST008,PRD001,7,175000,1225000,840000,385000
TRX-202502-0196,2025-02-23,CUST001,PRD009,5,52000,260000,175000,85000
TRX-202502-0197,2025-02-23,CUST005,PRD009,7,52000,364000,245000,119000
TRX-202502-0198,2025-02-23,CUST003,PRD002,3,70000,210000,135000,75000
TRX-202502-0199,2025-02-23,CUST004,PRD010,5,20000,100000,60000,40000
TRX-202502-0200,2025-02-24,CUST006,PRD002,4,70000,280000,180000,100000
TRX-202502-0200,2025-02-24,CUST006,PRD009,4,52000,208000,140000,68000
TRX-202502-0200,2025-02-24,CUST006,PRD001,8,175000,1400000,960000,440000
TRX-202502-0201,2025-02-24,CUST005,PRD002,5,70000,350000,225000,125000
TRX-202502-0202,2025-02-24,CUST001,PRD006,1,110000,110000,75000,35000
TRX-202502-0203,2025-02-24,CUST004,PRD003,5,130000,650000,425000,225000
TRX-202502-0203,2025-02-24,CUST004,PRD007,3,225000,675000,540000,135000
TRX-202502-0203,2025-02-24,CUST004,PRD002,4,70000,280000,180000,100000
TRX-202502-0204,2025-02-24,CUST007,PRD009,3,52000,156000,105000,51000
TRX-202502-0204,2025-02-24,CUST007,PRD006,2,110000,220000,150000,70000
TRX-202502-0204,2025-02-24,CUST007,PRD007,6,225000,1350000,1080000,270000
TRX-202502-0205,2025-02-25,CUST002,PRD005,3,105000,315000,210000,105000
TRX-202502-0206,2025-02-25,CUST007,PRD011,6,35000,210000,132000,78000
TRX-202502-0206,2025-02-25,CUST007,PRD003,6,130000,780000,510000,270000
TRX-202502-0206,2025-02-25,CUST007,PRD007,2,225000,450000,360000,90000
TRX-202502-0207,2025-02-25,CUST002,PRD005,8,105000,840000,560000,280000
TRX-202502-0208,2025-02-26,CUST007,PRD003,5,130000,650000,425000,225000
TRX-202502-0209,2025-02-26,CUST005,PRD008,2,40000,80000,56000,24000
TRX-202502-0209,2025-02-26,CUST005,PRD003,3,130000,390000,255000,135000
TRX-202502-0210,2025-02-26,CUST007,PRD007,8,225000,1800000,1440000,360000
TRX-202502-0210,2025-02-26,CUST007,PRD005,2,105000,210000,140000,70000
TRX-202502-0211,2025-02-27,CUST008,PRD003,6,130000,780000,510000,270000
TRX-202502-0211,2025-02-27,CUST008,PRD007,5,225000,1125000,900000,225000
TRX-202502-0212,2025-02-27,CUST008,PRD004,5,105000,525000,350000,175000
TRX-202502-0212,2025-02-27,CUST008,PRD006,7,110000,770000,525000,245000
TRX-202502-0212,2025-02-27,CUST008,PRD007,6,225000,1350000,1080000,270000
TRX-202502-0213,2025-02-27,CUST002,PRD004,3,105000,315000,210000,105000
TRX-202502-0213,2025-02-27,CUST002,PRD010,1,20000,20000,12000,8000
TRX-202502-0213,2025-02-27,CUST002,PRD009,8,52000,416000,280000,136000
TRX-202502-0214,2025-02-28,CUST006,PRD009,2,52000,104000,70000,34000
TRX-202502-0214,2025-02-28,CUST006,PRD010,4,20000,80000,48000,32000
TRX-202502-0214,2025-02-28,CUST006,PRD002,6,70000,420000,270000,150000
TRX-202502-0215,2025-02-28,CUST003,PRD010,7,20000,140000,84000,56000
TRX-202502-0215,2025-02-28,CUST003,PRD001,6,175000,1050000,720000,330000
TRX-202502-0215,2025-02-28,CUST003,PRD012,7,48000,336000,224000,112000
TRX-202503-0216,2025-03-01,CUST006,PRD004,8,105000,840000,560000,280000
TRX-202503-0216,2025-03-01,CUST006,PRD009,6,52000,312000,210000,102000
TRX-202503-0217,2025-03-01,CUST008,PRD008,8,40000,320000,224000,96000
TRX-202503-0218,2025-03-01,CUST006,PRD005,1,105000,105000,70000,35000
TRX-202503-0219,2025-03-01,CUST002,PRD006,2,110000,220000,150000,70000
TRX-202503-0220,2025-03-02,CUST002,PRD002,6,70000,420000,270000,150000
TRX-202503-0220,2025-03-02,CUST002,PRD009,6,52000,312000,210000,102000
TRX-202503-0220,2025-03-02,CUST002,PRD003,4,130000,520000,340000,180000
TRX-202503-0221,2025-03-02,CUST008,PRD005,8,105000,840000,560000,280000
TRX-202503-0222,2025-03-02,CUST006,PRD007,2,225000,450000,360000,90000
TRX-202503-0222,2025-03-02,CUST006,PRD010,6,20000,120000,72000,48000
TRX-202503-0222,2025-03-02,CUST006,PRD012,6,48000,288000,192000,96000
TRX-202503-0223,2025-03-02,CUST008,PRD003,2,130000,260000,170000,90000
TRX-202503-0223,2025-03-02,CUST008,PRD011,3,35000,105000,66000,39000
TRX-202503-0223,2025-03-02,CUST008,PRD005,6,105000,630000,420000,210000
TRX-202503-0224,2025-03-03,CUST001,PRD003,7,130000,910000,595000,315000
TRX-202503-0224,2025-03-03,CUST001,PRD004,8,105000,840000,560000,280000
TRX-202503-0225,2025-03-03,CUST007,PRD008,8,40000,320000,224000,96000
TRX-202503-0225,2025-03-03,CUST007,PRD007,3,225000,675000,540000,135000
TRX-202503-0225,2025-03-03,CUST007,PRD012,2,48000,96000,64000,32000
TRX-202503-0226,2025-03-03,CUST001,PRD005,1,105000,105000,70000,35000
TRX-202503-0227,2025-03-03,CUST005,PRD009,5,52000,260000,175000,85000
TRX-202503-0228,2025-03-04,CUST002,PRD002,4,70000,280000,180000,100000
TRX-202503-0228,2025-03-04,CUST002,PRD004,6,105000,630000,420000,210000
TRX-202503-0229,2025-03-04,CUST007,PRD010,3,20000,60000,36000,24000
TRX-202503-0230,2025-03-04,CUST004,PRD001,6,175000,1050000,720000,330000
TRX-202503-0231,2025-03-04,CUST005,PRD009,5,52000,260000,175000,85000
TRX-202503-0231,2025-03-04,CUST005,PRD003,5,130000,650000,425000,225000
TRX-202503-0231,2025-03-04,CUST005,PRD006,5,110000,550000,375000,175000
TRX-202503-0232,2025-03-05,CUST008,PRD011,2,35000,70000,44000,26000
TRX-202503-0233,2025-03-05,CUST007,PRD012,8,48000,384000,256000,128000
TRX-202503-0233,2025-03-05,CUST007,PRD005,8,105000,840000,560000,280000
TRX-202503-0233,2025-03-05,CUST007,PRD006,6,110000,660000,450000,210000
TRX-202503-0234,2025-03-05,CUST001,PRD002,2,70000,140000,90000,50000
TRX-202503-0234,2025-03-05,CUST001,PRD008,7,40000,280000,196000,84000
TRX-202503-0234,2025-03-05,CUST001,PRD006,4,110000,440000,300000,140000
TRX-202503-0235,2025-03-05,CUST007,PRD008,5,40000,200000,140000,60000
TRX-202503-0236,2025-03-05,CUST006,PRD006,3,110000,330000,225000,105000
TRX-202503-0236,2025-03-05,CUST006,PRD009,8,52000,416000,280000,136000
TRX-202503-0237,2025-03-06,CUST001,PRD011,4,35000,140000,88000,52000
TRX-202503-0237,2025-03-06,CUST001,PRD005,7,105000,735000,490000,245000
TRX-202503-0238,2025-03-06,CUST002,PRD002,8,70000,560000,360000,200000
TRX-202503-0238,2025-03-06,CUST002,PRD001,2,175000,350000,240000,110000
TRX-202503-0238,2025-03-06,CUST002,PRD004,3,105000,315000,210000,105000
TRX-202503-0239,2025-03-06,CUST004,PRD011,1,35000,35000,22000,13000
TRX-202503-0239,2025-03-06,CUST004,PRD008,6,40000,240000,168000,72000
TRX-202503-0239,2025-03-06,CUST004,PRD001,2,175000,350000,240000,110000
TRX-202503-0240,2025-03-07,CUST007,PRD011,2,35000,70000,44000,26000
TRX-202503-0240,2025-03-07,CUST007,PRD008,2,40000,80000,56000,24000
TRX-202503-0240,2025-03-07,CUST007,PRD004,3,105000,315000,210000,105000
TRX-202503-0241,2025-03-07,CUST002,PRD012,7,48000,336000,224000,112000
TRX-202503-0241,2025-03-07,CUST002,PRD007,6,225000,1350000,1080000,270000
TRX-202503-0241,2025-03-07,CUST002,PRD006,3,110000,330000,225000,105000
TRX-202503-0242,2025-03-07,CUST004,PRD011,4,35000,140000,88000,52000
TRX-202503-0242,2025-03-07,CUST004,PRD002,5,70000,350000,225000,125000
TRX-202503-0243,2025-03-08,CUST008,PRD001,2,175000,350000,240000,110000
TRX-202503-0244,2025-03-08,CUST001,PRD004,1,105000,105000,70000,35000
TRX-202503-0244,2025-03-08,CUST001,PRD001,7,175000,1225000,840000,385000
TRX-202503-0245,2025-03-08,CUST005,PRD012,7,48000,336000,224000,112000
TRX-202503-0245,2025-03-08,CUST005,PRD009,7,52000,364000,245000,119000
TRX-202503-0245,2025-03-08,CUST005,PRD007,2,225000,450000,360000,90000
TRX-202503-0246,2025-03-09,CUST005,PRD012,2,48000,96000,64000,32000
TRX-202503-0246,2025-03-09,CUST005,PRD011,1,35000,35000,22000,13000
TRX-202503-0246,2025-03-09,CUST005,PRD003,3,130000,390000,255000,135000
TRX-202503-0247,2025-03-09,CUST001,PRD008,6,40000,240000,168000,72000
TRX-202503-0248,2025-03-10,CUST005,PRD010,2,20000,40000,24000,16000
TRX-202503-0249,2025-03-10,CUST004,PRD009,1,52000,52000,35000,17000
TRX-202503-0249,2025-03-10,CUST004,PRD001,4,175000,700000,480000,220000
TRX-202503-0249,2025-03-10,CUST004,PRD011,1,35000,35000,22000,13000
TRX-202503-0250,2025-03-10,CUST008,PRD007,3,225000,675000,540000,135000
TRX-202503-0250,2025-03-10,CUST008,PRD003,1,130000,130000,85000,45000
TRX-202503-0251,2025-03-11,CUST001,PRD004,5,105000,525000,350000,175000
TRX-202503-0251,2025-03-11,CUST001,PRD005,4,105000,420000,280000,140000
TRX-202503-0252,2025-03-11,CUST008,PRD010,4,20000,80000,48000,32000
TRX-202503-0252,2025-03-11,CUST008,PRD008,4,40000,160000,112000,48000
TRX-202503-0253,2025-03-11,CUST003,PRD007,1,225000,225000,180000,45000
TRX-202503-0254,2025-03-11,CUST004,PRD006,6,110000,660000,450000,210000
TRX-202503-0254,2025-03-11,CUST004,PRD011,1,35000,35000,22000,13000
TRX-202503-0254,2025-03-11,CUST004,PRD001,7,175000,1225000,840000,385000
TRX-202503-0255,2025-03-11,CUST005,PRD004,4,105000,420000,280000,140000
TRX-202503-0256,2025-03-12,CUST004,PRD005,7,105000,735000,490000,245000
TRX-202503-0256,2025-03-12,CUST004,PRD006,6,110000,660000,450000,210000
TRX-202503-0257,2025-03-12,CUST006,PRD005,2,105000,210000,140000,70000
TRX-202503-0257,2025-03-12,CUST006,PRD004,4,105000,420000,280000,140000
TRX-202503-0258,2025-03-12,CUST003,PRD002,3,70000,210000,135000,75000
TRX-202503-0258,2025-03-12,CUST003,PRD003,8,130000,1040000,680000,360000
TRX-202503-0258,2025-03-12,CUST003,PRD012,8,48000,384000,256000,128000
TRX-202503-0259,2025-03-13,CUST003,PRD007,8,225000,1800000,1440000,360000
TRX-202503-0260,2025-03-13,CUST004,PRD008,2,40000,80000,56000,24000
TRX-202503-0261,2025-03-13,CUST003,PRD001,1,175000,175000,120000,55000
TRX-202503-0262,2025-03-13,CUST004,PRD004,7,105000,735000,490000,245000
TRX-202503-0263,2025-03-14,CUST003,PRD004,5,105000,525000,350000,175000
TRX-202503-0263,2025-03-14,CUST003,PRD003,5,130000,650000,425000,225000
TRX-202503-0264,2025-03-14,CUST008,PRD001,4,175000,700000,480000,220000
TRX-202503-0265,2025-03-14,CUST005,PRD007,8,225000,1800000,1440000,360000
TRX-202503-0265,2025-03-14,CUST005,PRD009,1,52000,52000,35000,17000
TRX-202503-0266,2025-03-14,CUST002,PRD007,7,225000,1575000,1260000,315000
TRX-202503-0266,2025-03-14,CUST002,PRD003,4,130000,520000,340000,180000
TRX-202503-0267,2025-03-14,CUST004,PRD009,6,52000,312000,210000,102000
TRX-202503-0267,2025-03-14,CUST004,PRD001,8,175000,1400000,960000,440000
TRX-202503-0267,2025-03-14,CUST004,PRD007,8,225000,1800000,1440000,360000
TRX-202503-0268,2025-03-15,CUST007,PRD003,4,130000,520000,340000,180000
TRX-202503-0268,2025-03-15,CUST007,PRD012,6,48000,288000,192000,96000
TRX-202503-0269,2025-03-15,CUST006,PRD001,3,175000,525000,360000,165000
TRX-202503-0269,2025-03-15,CUST006,PRD006,4,110000,440000,300000,140000
TRX-202503-0269,2025-03-15,CUST006,PRD010,8,20000,160000,96000,64000
TRX-202503-0270,2025-03-15,CUST005,PRD008,1,40000,40000,28000,12000
TRX-202503-0271,2025-03-16,CUST006,PRD006,3,110000,330000,225000,105000
TRX-202503-0271,2025-03-16,CUST006,PRD003,7,130000,910000,595000,315000
TRX-202503-0272,2025-03-16,CUST008,PRD006,6,110000,660000,450000,210000
TRX-202503-0272,2025-03-16,CUST008,PRD003,4,130000,520000,340000,180000
TRX-202503-0272,2025-03-16,CUST008,PRD009,3,52000,156000,105000,51000
TRX-202503-0273,2025-03-17,CUST002,PRD011,8,35000,280000,176000,104000
TRX-202503-0273,2025-03-17,CUST002,PRD012,1,48000,48000,32000,16000
TRX-202503-0273,2025-03-17,CUST002,PRD006,5,110000,550000,375000,175000
TRX-202503-0274,2025-03-17,CUST004,PRD012,2,48000,96000,64000,32000
TRX-202503-0275,2025-03-17,CUST006,PRD002,1,70000,70000,45000,25000
TRX-202503-0275,2025-03-17,CUST006,PRD001,7,175000,1225000,840000,385000
TRX-202503-0276,2025-03-18,CUST002,PRD002,8,70000,560000,360000,200000
TRX-202503-0276,2025-03-18,CUST002,PRD006,1,110000,110000,75000,35000
TRX-202503-0276,2025-03-18,CUST002,PRD010,7,20000,140000,84000,56000
TRX-202503-0277,2025-03-18,CUST003,PRD007,2,225000,450000,360000,90000
TRX-202503-0277,2025-03-18,CUST003,PRD003,6,130000,780000,510000,270000
TRX-202503-0277,2025-03-18,CUST003,PRD001,4,175000,700000,480000,220000
TRX-202503-0278,2025-03-18,CUST004,PRD012,5,48000,240000,160000,80000
TRX-202503-0278,2025-03-18,CUST004,PRD009,5,52000,260000,175000,85000
TRX-202503-0279,2025-03-19,CUST008,PRD005,7,105000,735000,490000,245000
TRX-202503-0279,2025-03-19,CUST008,PRD002,3,70000,210000,135000,75000
TRX-202503-0279,2025-03-19,CUST008,PRD009,6,52000,312000,210000,102000
TRX-202503-0280,2025-03-19,CUST007,PRD003,1,130000,130000,85000,45000
TRX-202503-0280,2025-03-19,CUST007,PRD008,5,40000,200000,140000,60000
TRX-202503-0281,2025-03-19,CUST008,PRD005,5,105000,525000,350000,175000
TRX-202503-0281,2025-03-19,CUST008,PRD004,1,105000,105000,70000,35000
TRX-202503-0282,2025-03-19,CUST003,PRD011,6,35000,210000,132000,78000
TRX-202503-0282,2025-03-19,CUST003,PRD002,7,70000,490000,315000,175000
TRX-202503-0282,2025-03-19,CUST003,PRD012,4,48000,192000,128000,64000
TRX-202503-0283,2025-03-19,CUST001,PRD009,8,52000,416000,280000,136000
TRX-202503-0283,2025-03-19,CUST001,PRD007,4,225000,900000,720000,180000
TRX-202503-0284,2025-03-20,CUST005,PRD012,2,48000,96000,64000,32000
TRX-202503-0284,2025-03-20,CUST005,PRD002,7,70000,490000,315000,175000
TRX-202503-0285,2025-03-20,CUST007,PRD006,8,110000,880000,600000,280000
TRX-202503-0285,2025-03-20,CUST007,PRD005,1,105000,105000,70000,35000
TRX-202503-0285,2025-03-20,CUST007,PRD009,7,52000,364000,245000,119000
TRX-202503-0286,2025-03-20,CUST002,PRD003,2,130000,260000,170000,90000
TRX-202503-0286,2025-03-20,CUST002,PRD012,2,48000,96000,64000,32000
TRX-202503-0287,2025-03-21,CUST006,PRD006,5,110000,550000,375000,175000
TRX-202503-0288,2025-03-21,CUST005,PRD008,2,40000,80000,56000,24000
TRX-202503-0288,2025-03-21,CUST005,PRD011,4,35000,140000,88000,52000
TRX-202503-0289,2025-03-21,CUST003,PRD012,6,48000,288000,192000,96000
TRX-202503-0289,2025-03-21,CUST003,PRD008,5,40000,200000,140000,60000
TRX-202503-0290,2025-03-21,CUST007,PRD011,8,35000,280000,176000,104000
TRX-202503-0290,2025-03-21,CUST007,PRD002,4,70000,280000,180000,100000
TRX-202503-0290,2025-03-21,CUST007,PRD004,7,105000,735000,490000,245000
TRX-202503-0291,2025-03-22,CUST006,PRD009,2,52000,104000,70000,34000
TRX-202503-0291,2025-03-22,CUST006,PRD007,1,225000,225000,180000,45000
TRX-202503-0292,2025-03-22,CUST004,PRD008,8,40000,320000,224000,96000
TRX-202503-0292,2025-03-22,CUST004,PRD010,3,20000,60000,36000,24000
TRX-202503-0293,2025-03-22,CUST008,PRD009,3,52000,156000,105000,51000
TRX-202503-0293,2025-03-22,CUST008,PRD006,5,110000,550000,375000,175000
TRX-202503-0293,2025-03-22,CUST008,PRD011,2,35000,70000,44000,26000
TRX-202503-0294,2025-03-22,CUST005,PRD007,1,225000,225000,180000,45000
TRX-202503-0295,2025-03-23,CUST008,PRD004,5,105000,525000,350000,175000
TRX-202503-0295,2025-03-23,CUST008,PRD008,7,40000,280000,196000,84000
TRX-202503-0296,2025-03-23,CUST002,PRD009,6,52000,312000,210000,102000
TRX-202503-0297,2025-03-23,CUST005,PRD011,8,35000,280000,176000,104000
TRX-202503-0297,2025-03-23,CUST005,PRD002,2,70000,140000,90000,50000
TRX-202503-0298,2025-03-23,CUST006,PRD011,5,35000,175000,110000,65000
TRX-202503-0298,2025-03-23,CUST006,PRD006,5,110000,550000,375000,175000
TRX-202503-0299,2025-03-24,CUST008,PRD006,3,110000,330000,225000,105000
TRX-202503-0299,2025-03-24,CUST008,PRD009,3,52000,156000,105000,51000
TRX-202503-0299,2025-03-24,CUST008,PRD005,5,105000,525000,350000,175000
TRX-202503-0300,2025-03-24,CUST002,PRD003,3,130000,390000,255000,135000
TRX-202503-0300,2025-03-24,CUST002,PRD005,6,105000,630000,420000,210000
TRX-202503-0301,2025-03-24,CUST002,PRD006,4,110000,440000,300000,140000
TRX-202503-0302,2025-03-25,CUST006,PRD010,3,20000,60000,36000,24000
TRX-202503-0302,2025-03-25,CUST006,PRD008,6,40000,240000,168000,72000
TRX-202503-0303,2025-03-25,CUST003,PRD008,6,40000,240000,168000,72000
TRX-202503-0304,2025-03-25,CUST003,PRD011,1,35000,35000,22000,13000
TRX-202503-0304,2025-03-25,CUST003,PRD001,8,175000,1400000,960000,440000
TRX-202503-0305,2025-03-26,CUST004,PRD006,2,110000,220000,150000,70000
TRX-202503-0305,2025-03-26,CUST004,PRD005,7,105000,735000,490000,245000
TRX-202503-0305,2025-03-26,CUST004,PRD003,5,130000,650000,425000,225000
TRX-202503-0306,2025-03-26,CUST003,PRD001,5,175000,875000,600000,275000
TRX-202503-0307,2025-03-26,CUST005,PRD012,6,48000,288000,192000,96000
TRX-202503-0307,2025-03-26,CUST005,PRD009,7,52000,364000,245000,119000
TRX-202503-0308,2025-03-27,CUST001,PRD002,1,70000,70000,45000,25000
TRX-202503-0308,2025-03-27,CUST001,PRD011,2,35000,70000,44000,26000
TRX-202503-0308,2025-03-27,CUST001,PRD001,7,175000,1225000,840000,385000
TRX-202503-0309,2025-03-27,CUST008,PRD002,5,70000,350000,225000,125000
TRX-202503-0309,2025-03-27,CUST008,PRD009,8,52000,416000,280000,136000
TRX-202503-0310,2025-03-28,CUST006,PRD007,1,225000,225000,180000,45000
TRX-202503-0310,2025-03-28,CUST006,PRD005,8,105000,840000,560000,280000
TRX-202503-0310,2025-03-28,CUST006,PRD003,4,130000,520000,340000,180000
TRX-202503-0311,2025-03-28,CUST008,PRD004,1,105000,105000,70000,35000
TRX-202503-0311,2025-03-28,CUST008,PRD001,2,175000,350000,240000,110000
TRX-202503-0312,2025-03-28,CUST002,PRD011,2,35000,70000,44000,26000
TRX-202503-0312,2025-03-28,CUST002,PRD008,2,40000,80000,56000,24000
TRX-202503-0312,2025-03-28,CUST002,PRD003,2,130000,260000,170000,90000
TRX-202503-0313,2025-03-29,CUST005,PRD002,3,70000,210000,135000,75000
TRX-202503-0313,2025-03-29,CUST005,PRD006,2,110000,220000,150000,70000
TRX-202503-0313,2025-03-29,CUST005,PRD011,7,35000,245000,154000,91000
TRX-202503-0314,2025-03-29,CUST007,PRD005,8,105000,840000,560000,280000
TRX-202503-0314,2025-03-29,CUST007,PRD007,7,225000,1575000,1260000,315000
TRX-202503-0315,2025-03-29,CUST003,PRD003,1,130000,130000,85000,45000
TRX-202503-0316,2025-03-29,CUST003,PRD007,8,225000,1800000,1440000,360000
TRX-202503-0317,2025-03-29,CUST008,PRD010,7,20000,140000,84000,56000
TRX-202503-0318,2025-03-30,CUST007,PRD012,6,48000,288000,192000,96000
TRX-202503-0318,2025-03-30,CUST007,PRD004,7,105000,735000,490000,245000
TRX-202503-0318,2025-03-30,CUST007,PRD008,3,40000,120000,84000,36000
TRX-202503-0319,2025-03-30,CUST001,PRD011,3,35000,105000,66000,39000
TRX-202503-0320,2025-03-31,CUST002,PRD007,1,225000,225000,180000,45000
TRX-202503-0320,2025-03-31,CUST002,PRD001,2,175000,350000,240000,110000
TRX-202503-0321,2025-03-31,CUST005,PRD009,6,52000,312000,210000,102000
TRX-202503-0321,2025-03-31,CUST005,PRD004,6,105000,630000,420000,210000
TRX-202503-0321,2025-03-31,CUST005,PRD008,1,40000,40000,28000,12000
TRX-202504-0322,2025-04-01,CUST002,PRD010,4,20000,80000,48000,32000
TRX-202504-0322,2025-04-01,CUST002,PRD004,2,105000,210000,140000,70000
TRX-202504-0323,2025-04-01,CUST007,PRD008,4,40000,160000,112000,48000
TRX-202504-0324,2025-04-01,CUST006,PRD007,1,225000,225000,180000,45000
TRX-202504-0325,2025-04-01,CUST002,PRD008,3,40000,120000,84000,36000
TRX-202504-0325,2025-04-01,CUST002,PRD011,8,35000,280000,176000,104000
TRX-202504-0326,2025-04-01,CUST001,PRD012,7,48000,336000,224000,112000
TRX-202504-0326,2025-04-01,CUST001,PRD001,8,175000,1400000,960000,440000
TRX-202504-0326,2025-04-01,CUST001,PRD009,3,52000,156000,105000,51000
TRX-202504-0327,2025-04-02,CUST006,PRD012,4,48000,192000,128000,64000
TRX-202504-0327,2025-04-02,CUST006,PRD009,4,52000,208000,140000,68000
TRX-202504-0327,2025-04-02,CUST006,PRD004,5,105000,525000,350000,175000
TRX-202504-0328,2025-04-02,CUST006,PRD003,6,130000,780000,510000,270000
TRX-202504-0328,2025-04-02,CUST006,PRD011,2,35000,70000,44000,26000
TRX-202504-0328,2025-04-02,CUST006,PRD012,6,48000,288000,192000,96000
TRX-202504-0329,2025-04-02,CUST008,PRD010,5,20000,100000,60000,40000
TRX-202504-0329,2025-04-02,CUST008,PRD011,7,35000,245000,154000,91000
TRX-202504-0329,2025-04-02,CUST008,PRD007,1,225000,225000,180000,45000
TRX-202504-0330,2025-04-02,CUST002,PRD007,3,225000,675000,540000,135000
TRX-202504-0331,2025-04-03,CUST001,PRD007,6,225000,1350000,1080000,270000
TRX-202504-0331,2025-04-03,CUST001,PRD012,1,48000,48000,32000,16000
TRX-202504-0332,2025-04-03,CUST001,PRD005,8,105000,840000,560000,280000
TRX-202504-0332,2025-04-03,CUST001,PRD004,4,105000,420000,280000,140000
TRX-202504-0332,2025-04-03,CUST001,PRD010,6,20000,120000,72000,48000
TRX-202504-0333,2025-04-03,CUST004,PRD004,3,105000,315000,210000,105000
TRX-202504-0333,2025-04-03,CUST004,PRD005,2,105000,210000,140000,70000
TRX-202504-0333,2025-04-03,CUST004,PRD008,3,40000,120000,84000,36000
TRX-202504-0334,2025-04-03,CUST003,PRD009,1,52000,52000,35000,17000
TRX-202504-0334,2025-04-03,CUST003,PRD002,7,70000,490000,315000,175000
TRX-202504-0334,2025-04-03,CUST003,PRD007,5,225000,1125000,900000,225000
TRX-202504-0335,2025-04-04,CUST007,PRD009,6,52000,312000,210000,102000
TRX-202504-0335,2025-04-04,CUST007,PRD007,4,225000,900000,720000,180000
TRX-202504-0335,2025-04-04,CUST007,PRD002,4,70000,280000,180000,100000
TRX-202504-0336,2025-04-04,CUST006,PRD006,4,110000,440000,300000,140000
TRX-202504-0336,2025-04-04,CUST006,PRD005,8,105000,840000,560000,280000
TRX-202504-0337,2025-04-04,CUST001,PRD011,6,35000,210000,132000,78000
TRX-202504-0338,2025-04-05,CUST002,PRD009,1,52000,52000,35000,17000
TRX-202504-0339,2025-04-05,CUST002,PRD011,4,35000,140000,88000,52000
TRX-202504-0340,2025-04-06,CUST007,PRD006,7,110000,770000,525000,245000
TRX-202504-0340,2025-04-06,CUST007,PRD001,2,175000,350000,240000,110000
TRX-202504-0341,2025-04-06,CUST001,PRD012,1,48000,48000,32000,16000
TRX-202504-0341,2025-04-06,CUST001,PRD010,2,20000,40000,24000,16000
TRX-202504-0341,2025-04-06,CUST001,PRD002,6,70000,420000,270000,150000
TRX-202504-0342,2025-04-06,CUST002,PRD011,2,35000,70000,44000,26000
TRX-202504-0342,2025-04-06,CUST002,PRD005,5,105000,525000,350000,175000
TRX-202504-0343,2025-04-06,CUST008,PRD007,1,225000,225000,180000,45000
TRX-202504-0343,2025-04-06,CUST008,PRD011,8,35000,280000,176000,104000
TRX-202504-0344,2025-04-06,CUST003,PRD004,5,105000,525000,350000,175000
TRX-202504-0344,2025-04-06,CUST003,PRD003,3,130000,390000,255000,135000
TRX-202504-0344,2025-04-06,CUST003,PRD007,5,225000,1125000,900000,225000
TRX-202504-0345,2025-04-07,CUST004,PRD003,1,130000,130000,85000,45000
TRX-202504-0346,2025-04-07,CUST008,PRD009,2,52000,104000,70000,34000
TRX-202504-0346,2025-04-07,CUST008,PRD002,5,70000,350000,225000,125000
TRX-202504-0346,2025-04-07,CUST008,PRD005,2,105000,210000,140000,70000
TRX-202504-0347,2025-04-07,CUST004,PRD010,6,20000,120000,72000,48000
TRX-202504-0347,2025-04-07,CUST004,PRD008,3,40000,120000,84000,36000
TRX-202504-0347,2025-04-07,CUST004,PRD006,4,110000,440000,300000,140000
TRX-202504-0348,2025-04-07,CUST002,PRD010,4,20000,80000,48000,32000
TRX-202504-0348,2025-04-07,CUST002,PRD002,6,70000,420000,270000,150000
TRX-202504-0349,2025-04-08,CUST008,PRD005,2,105000,210000,140000,70000
TRX-202504-0349,2025-04-08,CUST008,PRD008,3,40000,120000,84000,36000
TRX-202504-0350,2025-04-08,CUST002,PRD003,4,130000,520000,340000,180000
TRX-202504-0350,2025-04-08,CUST002,PRD009,5,52000,260000,175000,85000
TRX-202504-0351,2025-04-08,CUST002,PRD002,1,70000,70000,45000,25000
TRX-202504-0351,2025-04-08,CUST002,PRD001,7,175000,1225000,840000,385000
TRX-202504-0351,2025-04-08,CUST002,PRD009,4,52000,208000,140000,68000
TRX-202504-0352,2025-04-08,CUST001,PRD005,8,105000,840000,560000,280000
TRX-202504-0352,2025-04-08,CUST001,PRD009,3,52000,156000,105000,51000
TRX-202504-0352,2025-04-08,CUST001,PRD011,6,35000,210000,132000,78000
TRX-202504-0353,2025-04-08,CUST007,PRD010,5,20000,100000,60000,40000
TRX-202504-0354,2025-04-09,CUST006,PRD001,4,175000,700000,480000,220000
TRX-202504-0355,2025-04-09,CUST006,PRD008,1,40000,40000,28000,12000
TRX-202504-0355,2025-04-09,CUST006,PRD012,1,48000,48000,32000,16000
TRX-202504-0356,2025-04-09,CUST006,PRD012,5,48000,240000,160000,80000
TRX-202504-0357,2025-04-09,CUST005,PRD009,7,52000,364000,245000,119000
TRX-202504-0357,2025-04-09,CUST005,PRD010,7,20000,140000,84000,56000
TRX-202504-0357,2025-04-09,CUST005,PRD003,6,130000,780000,510000,270000
TRX-202504-0358,2025-04-10,CUST002,PRD004,2,105000,210000,140000,70000
TRX-202504-0358,2025-04-10,CUST002,PRD007,8,225000,1800000,1440000,360000
TRX-202504-0358,2025-04-10,CUST002,PRD006,8,110000,880000,600000,280000
TRX-202504-0359,2025-04-10,CUST008,PRD010,3,20000,60000,36000,24000
TRX-202504-0360,2025-04-10,CUST007,PRD004,1,105000,105000,70000,35000
TRX-202504-0361,2025-04-10,CUST003,PRD010,1,20000,20000,12000,8000
TRX-202504-0361,2025-04-10,CUST003,PRD003,3,130000,390000,255000,135000
TRX-202504-0361,2025-04-10,CUST003,PRD011,1,35000,35000,22000,13000
TRX-202504-0362,2025-04-11,CUST003,PRD011,2,35000,70000,44000,26000
TRX-202504-0362,2025-04-11,CUST003,PRD006,4,110000,440000,300000,140000
TRX-202504-0362,2025-04-11,CUST003,PRD008,7,40000,280000,196000,84000
TRX-202504-0363,2025-04-11,CUST007,PRD002,1,70000,70000,45000,25000
TRX-202504-0364,2025-04-11,CUST004,PRD009,3,52000,156000,105000,51000
TRX-202504-0364,2025-04-11,CUST004,PRD011,2,35000,70000,44000,26000
TRX-202504-0364,2025-04-11,CUST004,PRD007,3,225000,675000,540000,135000
TRX-202504-0365,2025-04-11,CUST008,PRD010,2,20000,40000,24000,16000
TRX-202504-0365,2025-04-11,CUST008,PRD001,2,175000,350000,240000,110000
TRX-202504-0365,2025-04-11,CUST008,PRD009,8,52000,416000,280000,136000
TRX-202504-0366,2025-04-12,CUST004,PRD005,7,105000,735000,490000,245000
TRX-202504-0367,2025-04-12,CUST005,PRD001,1,175000,175000,120000,55000
TRX-202504-0368,2025-04-12,CUST002,PRD001,6,175000,1050000,720000,330000
TRX-202504-0368,2025-04-12,CUST002,PRD007,7,225000,1575000,1260000,315000
TRX-202504-0368,2025-04-12,CUST002,PRD004,6,105000,630000,420000,210000
TRX-202504-0369,2025-04-12,CUST002,PRD007,5,225000,1125000,900000,225000
TRX-202504-0370,2025-04-12,CUST005,PRD007,5,225000,1125000,900000,225000
TRX-202504-0370,2025-04-12,CUST005,PRD010,7,20000,140000,84000,56000
TRX-202504-0370,2025-04-12,CUST005,PRD006,4,110000,440000,300000,140000
TRX-202504-0371,2025-04-13,CUST003,PRD011,2,35000,70000,44000,26000
TRX-202504-0371,2025-04-13,CUST003,PRD001,3,175000,525000,360000,165000
TRX-202504-0372,2025-04-13,CUST008,PRD007,5,225000,1125000,900000,225000
TRX-202504-0372,2025-04-13,CUST008,PRD002,4,70000,280000,180000,100000
TRX-202504-0372,2025-04-13,CUST008,PRD011,6,35000,210000,132000,78000
TRX-202504-0373,2025-04-14,CUST001,PRD002,5,70000,350000,225000,125000
TRX-202504-0374,2025-04-14,CUST007,PRD011,7,35000,245000,154000,91000
TRX-202504-0374,2025-04-14,CUST007,PRD007,4,225000,900000,720000,180000
TRX-202504-0375,2025-04-14,CUST001,PRD012,5,48000,240000,160000,80000
TRX-202504-0375,2025-04-14,CUST001,PRD002,6,70000,420000,270000,150000
TRX-202504-0375,2025-04-14,CUST001,PRD011,6,35000,210000,132000,78000
TRX-202504-0376,2025-04-15,CUST006,PRD011,1,35000,35000,22000,13000
TRX-202504-0376,2025-04-15,CUST006,PRD008,8,40000,320000,224000,96000
TRX-202504-0377,2025-04-15,CUST002,PRD002,4,70000,280000,180000,100000
TRX-202504-0377,2025-04-15,CUST002,PRD007,4,225000,900000,720000,180000
TRX-202504-0378,2025-04-15,CUST006,PRD006,1,110000,110000,75000,35000
TRX-202504-0378,2025-04-15,CUST006,PRD009,5,52000,260000,175000,85000
TRX-202504-0379,2025-04-16,CUST003,PRD002,2,70000,140000,90000,50000
TRX-202504-0380,2025-04-16,CUST008,PRD001,8,175000,1400000,960000,440000
TRX-202504-0380,2025-04-16,CUST008,PRD009,6,52000,312000,210000,102000
TRX-202504-0380,2025-04-16,CUST008,PRD012,6,48000,288000,192000,96000
TRX-202504-0381,2025-04-16,CUST008,PRD005,5,105000,525000,350000,175000
TRX-202504-0381,2025-04-16,CUST008,PRD008,7,40000,280000,196000,84000
TRX-202504-0381,2025-04-16,CUST008,PRD003,4,130000,520000,340000,180000
TRX-202504-0382,2025-04-16,CUST003,PRD009,7,52000,364000,245000,119000
TRX-202504-0383,2025-04-17,CUST006,PRD008,7,40000,280000,196000,84000
TRX-202504-0384,2025-04-17,CUST004,PRD012,6,48000,288000,192000,96000
TRX-202504-0384,2025-04-17,CUST004,PRD006,7,110000,770000,525000,245000
TRX-202504-0385,2025-04-17,CUST005,PRD003,3,130000,390000,255000,135000
TRX-202504-0385,2025-04-17,CUST005,PRD010,4,20000,80000,48000,32000
TRX-202504-0386,2025-04-17,CUST002,PRD005,7,105000,735000,490000,245000
TRX-202504-0386,2025-04-17,CUST002,PRD004,7,105000,735000,490000,245000
TRX-202504-0386,2025-04-17,CUST002,PRD009,4,52000,208000,140000,68000
TRX-202504-0387,2025-04-18,CUST008,PRD006,6,110000,660000,450000,210000
TRX-202504-0387,2025-04-18,CUST008,PRD005,5,105000,525000,350000,175000
TRX-202504-0387,2025-04-18,CUST008,PRD012,6,48000,288000,192000,96000
TRX-202504-0388,2025-04-18,CUST001,PRD002,4,70000,280000,180000,100000
TRX-202504-0388,2025-04-18,CUST001,PRD006,3,110000,330000,225000,105000
TRX-202504-0389,2025-04-19,CUST005,PRD005,5,105000,525000,350000,175000
TRX-202504-0389,2025-04-19,CUST005,PRD010,8,20000,160000,96000,64000
TRX-202504-0389,2025-04-19,CUST005,PRD007,6,225000,1350000,1080000,270000
TRX-202504-0390,2025-04-19,CUST008,PRD003,1,130000,130000,85000,45000
TRX-202504-0390,2025-04-19,CUST008,PRD012,3,48000,144000,96000,48000
TRX-202504-0391,2025-04-19,CUST004,PRD005,3,105000,315000,210000,105000
TRX-202504-0391,2025-04-19,CUST004,PRD002,7,70000,490000,315000,175000
TRX-202504-0391,2025-04-19,CUST004,PRD004,2,105000,210000,140000,70000
TRX-202504-0392,2025-04-19,CUST002,PRD008,1,40000,40000,28000,12000
TRX-202504-0393,2025-04-20,CUST005,PRD008,3,40000,120000,84000,36000
TRX-202504-0393,2025-04-20,CUST005,PRD003,8,130000,1040000,680000,360000
TRX-202504-0393,2025-04-20,CUST005,PRD009,7,52000,364000,245000,119000
TRX-202504-0394,2025-04-20,CUST005,PRD008,4,40000,160000,112000,48000
TRX-202504-0394,2025-04-20,CUST005,PRD009,2,52000,104000,70000,34000
TRX-202504-0395,2025-04-20,CUST008,PRD006,5,110000,550000,375000,175000
TRX-202504-0395,2025-04-20,CUST008,PRD007,3,225000,675000,540000,135000
TRX-202504-0396,2025-04-20,CUST005,PRD001,3,175000,525000,360000,165000
TRX-202504-0397,2025-04-20,CUST006,PRD008,1,40000,40000,28000,12000
TRX-202504-0397,2025-04-20,CUST006,PRD009,8,52000,416000,280000,136000
TRX-202504-0398,2025-04-21,CUST005,PRD012,7,48000,336000,224000,112000
TRX-202504-0398,2025-04-21,CUST005,PRD009,4,52000,208000,140000,68000
TRX-202504-0398,2025-04-21,CUST005,PRD005,2,105000,210000,140000,70000
TRX-202504-0399,2025-04-21,CUST003,PRD005,2,105000,210000,140000,70000
TRX-202504-0400,2025-04-21,CUST008,PRD008,8,40000,320000,224000,96000
TRX-202504-0400,2025-04-21,CUST008,PRD005,4,105000,420000,280000,140000
TRX-202504-0400,2025-04-21,CUST008,PRD010,6,20000,120000,72000,48000
TRX-202504-0401,2025-04-21,CUST001,PRD001,1,175000,175000,120000,55000
TRX-202504-0402,2025-04-22,CUST007,PRD002,4,70000,280000,180000,100000
TRX-202504-0403,2025-04-22,CUST007,PRD004,4,105000,420000,280000,140000
TRX-202504-0403,2025-04-22,CUST007,PRD001,8,175000,1400000,960000,440000
TRX-202504-0404,2025-04-22,CUST002,PRD011,7,35000,245000,154000,91000
TRX-202504-0404,2025-04-22,CUST002,PRD004,5,105000,525000,350000,175000
TRX-202504-0404,2025-04-22,CUST002,PRD008,6,40000,240000,168000,72000
TRX-202504-0405,2025-04-22,CUST003,PRD012,2,48000,96000,64000,32000
TRX-202504-0405,2025-04-22,CUST003,PRD001,5,175000,875000,600000,275000
TRX-202504-0405,2025-04-22,CUST003,PRD009,8,52000,416000,280000,136000
TRX-202504-0406,2025-04-23,CUST002,PRD010,1,20000,20000,12000,8000
TRX-202504-0406,2025-04-23,CUST002,PRD006,6,110000,660000,450000,210000
TRX-202504-0406,2025-04-23,CUST002,PRD001,3,175000,525000,360000,165000
TRX-202504-0407,2025-04-23,CUST002,PRD008,4,40000,160000,112000,48000
TRX-202504-0408,2025-04-23,CUST006,PRD011,4,35000,140000,88000,52000
TRX-202504-0408,2025-04-23,CUST006,PRD006,1,110000,110000,75000,35000
TRX-202504-0408,2025-04-23,CUST006,PRD008,7,40000,280000,196000,84000
TRX-202504-0409,2025-04-23,CUST006,PRD003,8,130000,1040000,680000,360000
TRX-202504-0409,2025-04-23,CUST006,PRD005,8,105000,840000,560000,280000
TRX-202504-0409,2025-04-23,CUST006,PRD001,5,175000,875000,600000,275000
TRX-202504-0410,2025-04-23,CUST008,PRD010,3,20000,60000,36000,24000
TRX-202504-0411,2025-04-24,CUST007,PRD009,8,52000,416000,280000,136000
TRX-202504-0412,2025-04-24,CUST003,PRD005,6,105000,630000,420000,210000
TRX-202504-0412,2025-04-24,CUST003,PRD006,2,110000,220000,150000,70000
TRX-202504-0412,2025-04-24,CUST003,PRD007,2,225000,450000,360000,90000
TRX-202504-0413,2025-04-25,CUST008,PRD001,7,175000,1225000,840000,385000
TRX-202504-0413,2025-04-25,CUST008,PRD006,6,110000,660000,450000,210000
TRX-202504-0413,2025-04-25,CUST008,PRD009,1,52000,52000,35000,17000
TRX-202504-0414,2025-04-25,CUST005,PRD001,2,175000,350000,240000,110000
TRX-202504-0414,2025-04-25,CUST005,PRD002,4,70000,280000,180000,100000
TRX-202504-0414,2025-04-25,CUST005,PRD005,2,105000,210000,140000,70000
TRX-202504-0415,2025-04-26,CUST003,PRD010,6,20000,120000,72000,48000
TRX-202504-0415,2025-04-26,CUST003,PRD008,6,40000,240000,168000,72000
TRX-202504-0415,2025-04-26,CUST003,PRD006,6,110000,660000,450000,210000
TRX-202504-0416,2025-04-26,CUST007,PRD007,4,225000,900000,720000,180000
TRX-202504-0416,2025-04-26,CUST007,PRD006,4,110000,440000,300000,140000
TRX-202504-0416,2025-04-26,CUST007,PRD010,7,20000,140000,84000,56000
TRX-202504-0417,2025-04-26,CUST005,PRD008,7,40000,280000,196000,84000
TRX-202504-0417,2025-04-26,CUST005,PRD012,1,48000,48000,32000,16000
TRX-202504-0418,2025-04-26,CUST001,PRD010,3,20000,60000,36000,24000
TRX-202504-0418,2025-04-26,CUST001,PRD001,5,175000,875000,600000,275000
TRX-202504-0419,2025-04-27,CUST002,PRD006,8,110000,880000,600000,280000
TRX-202504-0419,2025-04-27,CUST002,PRD008,2,40000,80000,56000,24000
TRX-202504-0419,2025-04-27,CUST002,PRD003,5,130000,650000,425000,225000
TRX-202504-0420,2025-04-27,CUST001,PRD010,1,20000,20000,12000,8000
TRX-202504-0420,2025-04-27,CUST001,PRD007,6,225000,1350000,1080000,270000
TRX-202504-0420,2025-04-27,CUST001,PRD002,6,70000,420000,270000,150000
TRX-202504-0421,2025-04-27,CUST007,PRD002,1,70000,70000,45000,25000
TRX-202504-0421,2025-04-27,CUST007,PRD004,7,105000,735000,490000,245000
TRX-202504-0422,2025-04-28,CUST005,PRD007,7,225000,1575000,1260000,315000
TRX-202504-0423,2025-04-28,CUST003,PRD008,4,40000,160000,112000,48000
TRX-202504-0424,2025-04-28,CUST008,PRD011,4,35000,140000,88000,52000
TRX-202504-0424,2025-04-28,CUST008,PRD010,4,20000,80000,48000,32000
TRX-202504-0425,2025-04-28,CUST004,PRD005,7,105000,735000,490000,245000
TRX-202504-0426,2025-04-28,CUST006,PRD010,7,20000,140000,84000,56000
TRX-202504-0426,2025-04-28,CUST006,PRD002,7,70000,490000,315000,175000
TRX-202504-0426,2025-04-28,CUST006,PRD011,6,35000,210000,132000,78000
TRX-202504-0427,2025-04-29,CUST005,PRD006,2,110000,220000,150000,70000
TRX-202504-0428,2025-04-29,CUST005,PRD008,6,40000,240000,168000,72000
TRX-202504-0428,2025-04-29,CUST005,PRD001,4,175000,700000,480000,220000
TRX-202504-0429,2025-04-29,CUST004,PRD009,5,52000,260000,175000,85000
TRX-202504-0430,2025-04-30,CUST001,PRD011,4,35000,140000,88000,52000
TRX-202504-0430,2025-04-30,CUST001,PRD007,7,225000,1575000,1260000,315000
TRX-202504-0431,2025-04-30,CUST002,PRD008,2,40000,80000,56000,24000
TRX-202504-0431,2025-04-30,CUST002,PRD010,3,20000,60000,36000,24000
TRX-202505-0432,2025-05-01,CUST004,PRD006,7,110000,770000,525000,245000
TRX-202505-0433,2025-05-01,CUST003,PRD012,7,48000,336000,224000,112000
TRX-202505-0434,2025-05-01,CUST004,PRD004,3,105000,315000,210000,105000
TRX-202505-0434,2025-05-01,CUST004,PRD010,7,20000,140000,84000,56000
TRX-202505-0435,2025-05-01,CUST005,PRD006,3,110000,330000,225000,105000
TRX-202505-0435,2025-05-01,CUST005,PRD008,4,40000,160000,112000,48000
TRX-202505-0435,2025-05-01,CUST005,PRD009,3,52000,156000,105000,51000
TRX-202505-0436,2025-05-02,CUST007,PRD008,5,40000,200000,140000,60000
TRX-202505-0436,2025-05-02,CUST007,PRD011,3,35000,105000,66000,39000
TRX-202505-0437,2025-05-02,CUST004,PRD003,3,130000,390000,255000,135000
TRX-202505-0438,2025-05-02,CUST001,PRD010,4,20000,80000,48000,32000
TRX-202505-0438,2025-05-02,CUST001,PRD005,4,105000,420000,280000,140000
TRX-202505-0438,2025-05-02,CUST001,PRD012,4,48000,192000,128000,64000
TRX-202505-0439,2025-05-02,CUST001,PRD002,3,70000,210000,135000,75000
TRX-202505-0439,2025-05-02,CUST001,PRD008,8,40000,320000,224000,96000
TRX-202505-0440,2025-05-02,CUST006,PRD007,8,225000,1800000,1440000,360000
TRX-202505-0441,2025-05-03,CUST006,PRD010,1,20000,20000,12000,8000
TRX-202505-0441,2025-05-03,CUST006,PRD012,2,48000,96000,64000,32000
TRX-202505-0442,2025-05-03,CUST008,PRD001,7,175000,1225000,840000,385000
TRX-202505-0442,2025-05-03,CUST008,PRD004,1,105000,105000,70000,35000
TRX-202505-0443,2025-05-03,CUST007,PRD011,5,35000,175000,110000,65000
TRX-202505-0443,2025-05-03,CUST007,PRD001,8,175000,1400000,960000,440000
TRX-202505-0443,2025-05-03,CUST007,PRD004,7,105000,735000,490000,245000
TRX-202505-0444,2025-05-03,CUST005,PRD008,7,40000,280000,196000,84000
TRX-202505-0444,2025-05-03,CUST005,PRD003,5,130000,650000,425000,225000
TRX-202505-0445,2025-05-03,CUST001,PRD009,8,52000,416000,280000,136000
TRX-202505-0445,2025-05-03,CUST001,PRD003,2,130000,260000,170000,90000
TRX-202505-0445,2025-05-03,CUST001,PRD008,2,40000,80000,56000,24000
TRX-202505-0446,2025-05-04,CUST007,PRD009,7,52000,364000,245000,119000
TRX-202505-0446,2025-05-04,CUST007,PRD010,7,20000,140000,84000,56000
TRX-202505-0446,2025-05-04,CUST007,PRD003,1,130000,130000,85000,45000
TRX-202505-0447,2025-05-04,CUST003,PRD010,3,20000,60000,36000,24000
TRX-202505-0447,2025-05-04,CUST003,PRD011,3,35000,105000,66000,39000
TRX-202505-0448,2025-05-05,CUST007,PRD002,1,70000,70000,45000,25000
TRX-202505-0448,2025-05-05,CUST007,PRD010,4,20000,80000,48000,32000
TRX-202505-0449,2025-05-05,CUST005,PRD011,1,35000,35000,22000,13000
TRX-202505-0449,2025-05-05,CUST005,PRD009,3,52000,156000,105000,51000
TRX-202505-0449,2025-05-05,CUST005,PRD004,3,105000,315000,210000,105000
TRX-202505-0450,2025-05-05,CUST001,PRD006,1,110000,110000,75000,35000
TRX-202505-0450,2025-05-05,CUST001,PRD001,5,175000,875000,600000,275000
TRX-202505-0450,2025-05-05,CUST001,PRD003,6,130000,780000,510000,270000
TRX-202505-0451,2025-05-05,CUST002,PRD002,7,70000,490000,315000,175000
TRX-202505-0452,2025-05-05,CUST003,PRD011,5,35000,175000,110000,65000
TRX-202505-0453,2025-05-06,CUST007,PRD004,1,105000,105000,70000,35000
TRX-202505-0453,2025-05-06,CUST007,PRD012,2,48000,96000,64000,32000
TRX-202505-0453,2025-05-06,CUST007,PRD010,2,20000,40000,24000,16000
TRX-202505-0454,2025-05-06,CUST008,PRD012,7,48000,336000,224000,112000
TRX-202505-0454,2025-05-06,CUST008,PRD010,6,20000,120000,72000,48000
TRX-202505-0454,2025-05-06,CUST008,PRD005,5,105000,525000,350000,175000
TRX-202505-0455,2025-05-06,CUST006,PRD010,8,20000,160000,96000,64000
TRX-202505-0456,2025-05-06,CUST008,PRD003,4,130000,520000,340000,180000
TRX-202505-0456,2025-05-06,CUST008,PRD010,5,20000,100000,60000,40000
TRX-202505-0457,2025-05-07,CUST006,PRD012,1,48000,48000,32000,16000
TRX-202505-0457,2025-05-07,CUST006,PRD010,3,20000,60000,36000,24000
TRX-202505-0458,2025-05-07,CUST004,PRD006,8,110000,880000,600000,280000
TRX-202505-0458,2025-05-07,CUST004,PRD011,8,35000,280000,176000,104000
TRX-202505-0459,2025-05-07,CUST001,PRD003,8,130000,1040000,680000,360000
TRX-202505-0459,2025-05-07,CUST001,PRD008,6,40000,240000,168000,72000
TRX-202505-0459,2025-05-07,CUST001,PRD012,8,48000,384000,256000,128000
TRX-202505-0460,2025-05-07,CUST007,PRD001,6,175000,1050000,720000,330000
TRX-202505-0460,2025-05-07,CUST007,PRD009,1,52000,52000,35000,17000
TRX-202505-0460,2025-05-07,CUST007,PRD005,4,105000,420000,280000,140000
TRX-202505-0461,2025-05-08,CUST008,PRD004,5,105000,525000,350000,175000
TRX-202505-0461,2025-05-08,CUST008,PRD009,3,52000,156000,105000,51000
TRX-202505-0462,2025-05-08,CUST002,PRD001,2,175000,350000,240000,110000
TRX-202505-0462,2025-05-08,CUST002,PRD004,8,105000,840000,560000,280000
TRX-202505-0463,2025-05-08,CUST001,PRD009,4,52000,208000,140000,68000
TRX-202505-0463,2025-05-08,CUST001,PRD003,6,130000,780000,510000,270000
TRX-202505-0464,2025-05-08,CUST008,PRD009,3,52000,156000,105000,51000
TRX-202505-0464,2025-05-08,CUST008,PRD005,2,105000,210000,140000,70000
TRX-202505-0464,2025-05-08,CUST008,PRD006,3,110000,330000,225000,105000
TRX-202505-0465,2025-05-09,CUST008,PRD002,3,70000,210000,135000,75000
TRX-202505-0465,2025-05-09,CUST008,PRD005,5,105000,525000,350000,175000
TRX-202505-0465,2025-05-09,CUST008,PRD003,2,130000,260000,170000,90000
TRX-202505-0466,2025-05-09,CUST001,PRD009,4,52000,208000,140000,68000
TRX-202505-0466,2025-05-09,CUST001,PRD012,6,48000,288000,192000,96000
TRX-202505-0466,2025-05-09,CUST001,PRD002,6,70000,420000,270000,150000
TRX-202505-0467,2025-05-09,CUST005,PRD012,5,48000,240000,160000,80000
TRX-202505-0468,2025-05-09,CUST004,PRD002,5,70000,350000,225000,125000
TRX-202505-0469,2025-05-10,CUST008,PRD003,2,130000,260000,170000,90000
TRX-202505-0469,2025-05-10,CUST008,PRD002,8,70000,560000,360000,200000
TRX-202505-0469,2025-05-10,CUST008,PRD008,5,40000,200000,140000,60000
TRX-202505-0470,2025-05-10,CUST008,PRD004,3,105000,315000,210000,105000
TRX-202505-0470,2025-05-10,CUST008,PRD012,5,48000,240000,160000,80000
TRX-202505-0471,2025-05-11,CUST005,PRD008,7,40000,280000,196000,84000
TRX-202505-0471,2025-05-11,CUST005,PRD007,4,225000,900000,720000,180000
TRX-202505-0471,2025-05-11,CUST005,PRD010,4,20000,80000,48000,32000
TRX-202505-0472,2025-05-11,CUST003,PRD007,6,225000,1350000,1080000,270000
TRX-202505-0472,2025-05-11,CUST003,PRD002,4,70000,280000,180000,100000
TRX-202505-0473,2025-05-12,CUST006,PRD011,1,35000,35000,22000,13000
TRX-202505-0473,2025-05-12,CUST006,PRD012,2,48000,96000,64000,32000
TRX-202505-0474,2025-05-12,CUST004,PRD010,1,20000,20000,12000,8000
TRX-202505-0475,2025-05-12,CUST003,PRD003,5,130000,650000,425000,225000
TRX-202505-0475,2025-05-12,CUST003,PRD008,7,40000,280000,196000,84000
TRX-202505-0475,2025-05-12,CUST003,PRD009,8,52000,416000,280000,136000
TRX-202505-0476,2025-05-12,CUST004,PRD011,6,35000,210000,132000,78000
TRX-202505-0477,2025-05-12,CUST005,PRD011,6,35000,210000,132000,78000
TRX-202505-0477,2025-05-12,CUST005,PRD005,2,105000,210000,140000,70000
TRX-202505-0477,2025-05-12,CUST005,PRD007,1,225000,225000,180000,45000
TRX-202505-0478,2025-05-13,CUST008,PRD004,7,105000,735000,490000,245000
TRX-202505-0479,2025-05-13,CUST006,PRD003,3,130000,390000,255000,135000
TRX-202505-0479,2025-05-13,CUST006,PRD005,3,105000,315000,210000,105000
TRX-202505-0480,2025-05-13,CUST001,PRD011,1,35000,35000,22000,13000
TRX-202505-0481,2025-05-14,CUST005,PRD009,6,52000,312000,210000,102000
TRX-202505-0481,2025-05-14,CUST005,PRD010,1,20000,20000,12000,8000
TRX-202505-0482,2025-05-14,CUST001,PRD008,8,40000,320000,224000,96000
TRX-202505-0482,2025-05-14,CUST001,PRD006,2,110000,220000,150000,70000
TRX-202505-0482,2025-05-14,CUST001,PRD002,3,70000,210000,135000,75000
TRX-202505-0483,2025-05-14,CUST005,PRD009,2,52000,104000,70000,34000
TRX-202505-0483,2025-05-14,CUST005,PRD002,4,70000,280000,180000,100000
TRX-202505-0484,2025-05-15,CUST005,PRD011,8,35000,280000,176000,104000
TRX-202505-0485,2025-05-15,CUST003,PRD001,1,175000,175000,120000,55000
TRX-202505-0485,2025-05-15,CUST003,PRD011,5,35000,175000,110000,65000
TRX-202505-0485,2025-05-15,CUST003,PRD005,8,105000,840000,560000,280000
TRX-202505-0486,2025-05-15,CUST002,PRD009,2,52000,104000,70000,34000
TRX-202505-0487,2025-05-15,CUST005,PRD003,5,130000,650000,425000,225000
TRX-202505-0487,2025-05-15,CUST005,PRD010,5,20000,100000,60000,40000
TRX-202505-0488,2025-05-16,CUST008,PRD011,6,35000,210000,132000,78000
TRX-202505-0488,2025-05-16,CUST008,PRD003,1,130000,130000,85000,45000
TRX-202505-0488,2025-05-16,CUST008,PRD004,5,105000,525000,350000,175000
TRX-202505-0489,2025-05-16,CUST002,PRD003,8,130000,1040000,680000,360000
TRX-202505-0490,2025-05-16,CUST007,PRD005,4,105000,420000,280000,140000
TRX-202505-0490,2025-05-16,CUST007,PRD008,7,40000,280000,196000,84000
TRX-202505-0491,2025-05-17,CUST005,PRD010,4,20000,80000,48000,32000
TRX-202505-0491,2025-05-17,CUST005,PRD007,4,225000,900000,720000,180000
TRX-202505-0491,2025-05-17,CUST005,PRD008,6,40000,240000,168000,72000
TRX-202505-0492,2025-05-17,CUST003,PRD009,1,52000,52000,35000,17000
TRX-202505-0492,2025-05-17,CUST003,PRD001,2,175000,350000,240000,110000
TRX-202505-0493,2025-05-18,CUST002,PRD003,8,130000,1040000,680000,360000
TRX-202505-0493,2025-05-18,CUST002,PRD005,2,105000,210000,140000,70000
TRX-202505-0493,2025-05-18,CUST002,PRD011,8,35000,280000,176000,104000
TRX-202505-0494,2025-05-18,CUST005,PRD012,6,48000,288000,192000,96000
TRX-202505-0494,2025-05-18,CUST005,PRD011,5,35000,175000,110000,65000
TRX-202505-0495,2025-05-18,CUST003,PRD005,1,105000,105000,70000,35000
TRX-202505-0496,2025-05-19,CUST008,PRD008,3,40000,120000,84000,36000
TRX-202505-0497,2025-05-19,CUST001,PRD011,7,35000,245000,154000,91000
TRX-202505-0498,2025-05-19,CUST005,PRD012,6,48000,288000,192000,96000
TRX-202505-0499,2025-05-19,CUST007,PRD001,8,175000,1400000,960000,440000
TRX-202505-0499,2025-05-19,CUST007,PRD009,7,52000,364000,245000,119000
TRX-202505-0499,2025-05-19,CUST007,PRD008,7,40000,280000,196000,84000
TRX-202505-0500,2025-05-20,CUST005,PRD004,1,105000,105000,70000,35000
TRX-202505-0500,2025-05-20,CUST005,PRD003,7,130000,910000,595000,315000
TRX-202505-0500,2025-05-20,CUST005,PRD009,4,52000,208000,140000,68000
TRX-202505-0501,2025-05-20,CUST005,PRD007,8,225000,1800000,1440000,360000
TRX-202505-0501,2025-05-20,CUST005,PRD002,2,70000,140000,90000,50000
TRX-202505-0501,2025-05-20,CUST005,PRD006,8,110000,880000,600000,280000
TRX-202505-0502,2025-05-20,CUST004,PRD001,4,175000,700000,480000,220000
TRX-202505-0503,2025-05-20,CUST001,PRD010,7,20000,140000,84000,56000
TRX-202505-0503,2025-05-20,CUST001,PRD004,2,105000,210000,140000,70000
TRX-202505-0503,2025-05-20,CUST001,PRD008,5,40000,200000,140000,60000
TRX-202505-0504,2025-05-20,CUST008,PRD008,6,40000,240000,168000,72000
TRX-202505-0504,2025-05-20,CUST008,PRD001,1,175000,175000,120000,55000
TRX-202505-0504,2025-05-20,CUST008,PRD011,6,35000,210000,132000,78000
TRX-202505-0505,2025-05-21,CUST005,PRD008,3,40000,120000,84000,36000
TRX-202505-0506,2025-05-21,CUST002,PRD002,8,70000,560000,360000,200000
TRX-202505-0507,2025-05-22,CUST008,PRD010,1,20000,20000,12000,8000
TRX-202505-0508,2025-05-22,CUST003,PRD011,7,35000,245000,154000,91000
TRX-202505-0509,2025-05-22,CUST003,PRD008,2,40000,80000,56000,24000
TRX-202505-0510,2025-05-23,CUST004,PRD002,2,70000,140000,90000,50000
TRX-202505-0511,2025-05-23,CUST006,PRD009,4,52000,208000,140000,68000
TRX-202505-0511,2025-05-23,CUST006,PRD004,5,105000,525000,350000,175000
TRX-202505-0511,2025-05-23,CUST006,PRD008,1,40000,40000,28000,12000
TRX-202505-0512,2025-05-24,CUST002,PRD012,8,48000,384000,256000,128000
TRX-202505-0513,2025-05-24,CUST006,PRD004,6,105000,630000,420000,210000
TRX-202505-0513,2025-05-24,CUST006,PRD011,4,35000,140000,88000,52000
TRX-202505-0514,2025-05-25,CUST001,PRD010,3,20000,60000,36000,24000
TRX-202505-0514,2025-05-25,CUST001,PRD001,2,175000,350000,240000,110000
TRX-202505-0514,2025-05-25,CUST001,PRD005,8,105000,840000,560000,280000
TRX-202505-0515,2025-05-25,CUST008,PRD003,4,130000,520000,340000,180000
TRX-202505-0515,2025-05-25,CUST008,PRD006,5,110000,550000,375000,175000
TRX-202505-0516,2025-05-25,CUST003,PRD010,4,20000,80000,48000,32000
TRX-202505-0516,2025-05-25,CUST003,PRD003,2,130000,260000,170000,90000
TRX-202505-0516,2025-05-25,CUST003,PRD012,7,48000,336000,224000,112000
TRX-202505-0517,2025-05-26,CUST008,PRD002,4,70000,280000,180000,100000
TRX-202505-0517,2025-05-26,CUST008,PRD008,2,40000,80000,56000,24000
TRX-202505-0517,2025-05-26,CUST008,PRD011,1,35000,35000,22000,13000
TRX-202505-0518,2025-05-26,CUST007,PRD003,6,130000,780000,510000,270000
TRX-202505-0519,2025-05-26,CUST005,PRD011,2,35000,70000,44000,26000
TRX-202505-0520,2025-05-26,CUST001,PRD011,3,35000,105000,66000,39000
TRX-202505-0520,2025-05-26,CUST001,PRD005,8,105000,840000,560000,280000
TRX-202505-0521,2025-05-26,CUST001,PRD008,7,40000,280000,196000,84000
TRX-202505-0521,2025-05-26,CUST001,PRD003,3,130000,390000,255000,135000
TRX-202505-0522,2025-05-27,CUST002,PRD006,1,110000,110000,75000,35000
TRX-202505-0522,2025-05-27,CUST002,PRD008,6,40000,240000,168000,72000
TRX-202505-0523,2025-05-27,CUST006,PRD011,2,35000,70000,44000,26000
TRX-202505-0524,2025-05-28,CUST008,PRD009,5,52000,260000,175000,85000
TRX-202505-0524,2025-05-28,CUST008,PRD002,8,70000,560000,360000,200000
TRX-202505-0524,2025-05-28,CUST008,PRD008,6,40000,240000,168000,72000
TRX-202505-0525,2025-05-28,CUST002,PRD008,2,40000,80000,56000,24000
TRX-202505-0526,2025-05-28,CUST002,PRD003,2,130000,260000,170000,90000
TRX-202505-0526,2025-05-28,CUST002,PRD005,2,105000,210000,140000,70000
TRX-202505-0527,2025-05-28,CUST003,PRD002,8,70000,560000,360000,200000
TRX-202505-0527,2025-05-28,CUST003,PRD003,3,130000,390000,255000,135000
TRX-202505-0528,2025-05-28,CUST004,PRD011,7,35000,245000,154000,91000
TRX-202505-0528,2025-05-28,CUST004,PRD001,3,175000,525000,360000,165000
TRX-202505-0528,2025-05-28,CUST004,PRD005,8,105000,840000,560000,280000
TRX-202505-0529,2025-05-29,CUST003,PRD004,6,105000,630000,420000,210000
TRX-202505-0529,2025-05-29,CUST003,PRD008,5,40000,200000,140000,60000
TRX-202505-0530,2025-05-29,CUST001,PRD006,5,110000,550000,375000,175000
TRX-202505-0531,2025-05-29,CUST008,PRD010,3,20000,60000,36000,24000
TRX-202505-0532,2025-05-29,CUST005,PRD003,3,130000,390000,255000,135000
TRX-202505-0533,2025-05-30,CUST003,PRD012,6,48000,288000,192000,96000
TRX-202505-0534,2025-05-30,CUST005,PRD005,3,105000,315000,210000,105000
TRX-202505-0534,2025-05-30,CUST005,PRD010,8,20000,160000,96000,64000
TRX-202505-0535,2025-05-30,CUST006,PRD002,3,70000,210000,135000,75000
TRX-202505-0535,2025-05-30,CUST006,PRD008,2,40000,80000,56000,24000
TRX-202505-0535,2025-05-30,CUST006,PRD001,5,175000,875000,600000,275000
TRX-202505-0536,2025-05-30,CUST001,PRD010,8,20000,160000,96000,64000
TRX-202505-0536,2025-05-30,CUST001,PRD004,6,105000,630000,420000,210000
TRX-202505-0537,2025-05-31,CUST006,PRD006,5,110000,550000,375000,175000
TRX-202505-0537,2025-05-31,CUST006,PRD001,6,175000,1050000,720000,330000
TRX-202505-0538,2025-05-31,CUST006,PRD008,2,40000,80000,56000,24000
TRX-202505-0538,2025-05-31,CUST006,PRD009,4,52000,208000,140000,68000
TRX-202505-0539,2025-05-31,CUST008,PRD007,3,225000,675000,540000,135000
TRX-202505-0539,2025-05-31,CUST008,PRD008,7,40000,280000,196000,84000
TRX-202505-0539,2025-05-31,CUST008,PRD005,7,105000,735000,490000,245000
TRX-202505-0540,2025-05-31,CUST003,PRD010,4,20000,80000,48000,32000
TRX-202505-0540,2025-05-31,CUST003,PRD002,5,70000,350000,225000,125000
TRX-202505-0540,2025-05-31,CUST003,PRD003,8,130000,1040000,680000,360000
TRX-202505-0541,2025-05-31,CUST006,PRD010,7,20000,140000,84000,56000
TRX-202506-0542,2025-06-01,CUST002,PRD011,3,35000,105000,66000,39000
TRX-202506-0542,2025-06-01,CUST002,PRD005,8,105000,840000,560000,280000
TRX-202506-0542,2025-06-01,CUST002,PRD007,4,225000,900000,720000,180000
TRX-202506-0543,2025-06-01,CUST001,PRD005,8,105000,840000,560000,280000
TRX-202506-0544,2025-06-01,CUST002,PRD012,8,48000,384000,256000,128000
TRX-202506-0544,2025-06-01,CUST002,PRD006,7,110000,770000,525000,245000
TRX-202506-0544,2025-06-01,CUST002,PRD010,5,20000,100000,60000,40000
TRX-202506-0545,2025-06-01,CUST008,PRD002,1,70000,70000,45000,25000
TRX-202506-0545,2025-06-01,CUST008,PRD006,5,110000,550000,375000,175000
TRX-202506-0545,2025-06-01,CUST008,PRD009,3,52000,156000,105000,51000
TRX-202506-0546,2025-06-01,CUST001,PRD006,8,110000,880000,600000,280000
TRX-202506-0547,2025-06-02,CUST002,PRD010,1,20000,20000,12000,8000
TRX-202506-0547,2025-06-02,CUST002,PRD006,3,110000,330000,225000,105000
TRX-202506-0547,2025-06-02,CUST002,PRD003,5,130000,650000,425000,225000
TRX-202506-0548,2025-06-02,CUST006,PRD007,3,225000,675000,540000,135000
TRX-202506-0548,2025-06-02,CUST006,PRD006,2,110000,220000,150000,70000
TRX-202506-0549,2025-06-02,CUST004,PRD009,4,52000,208000,140000,68000
TRX-202506-0550,2025-06-02,CUST004,PRD010,2,20000,40000,24000,16000
TRX-202506-0550,2025-06-02,CUST004,PRD009,7,52000,364000,245000,119000
TRX-202506-0550,2025-06-02,CUST004,PRD011,8,35000,280000,176000,104000
TRX-202506-0551,2025-06-03,CUST007,PRD002,8,70000,560000,360000,200000
TRX-202506-0551,2025-06-03,CUST007,PRD012,7,48000,336000,224000,112000
TRX-202506-0551,2025-06-03,CUST007,PRD001,1,175000,175000,120000,55000
TRX-202506-0552,2025-06-03,CUST004,PRD001,1,175000,175000,120000,55000
TRX-202506-0553,2025-06-04,CUST001,PRD004,3,105000,315000,210000,105000
TRX-202506-0553,2025-06-04,CUST001,PRD012,1,48000,48000,32000,16000
TRX-202506-0553,2025-06-04,CUST001,PRD005,2,105000,210000,140000,70000
TRX-202506-0554,2025-06-04,CUST004,PRD012,3,48000,144000,96000,48000
TRX-202506-0554,2025-06-04,CUST004,PRD008,8,40000,320000,224000,96000
TRX-202506-0554,2025-06-04,CUST004,PRD006,2,110000,220000,150000,70000
TRX-202506-0555,2025-06-05,CUST004,PRD007,4,225000,900000,720000,180000
TRX-202506-0555,2025-06-05,CUST004,PRD005,2,105000,210000,140000,70000
TRX-202506-0555,2025-06-05,CUST004,PRD012,8,48000,384000,256000,128000
TRX-202506-0556,2025-06-05,CUST006,PRD001,8,175000,1400000,960000,440000
TRX-202506-0557,2025-06-05,CUST002,PRD008,2,40000,80000,56000,24000
TRX-202506-0557,2025-06-05,CUST002,PRD009,2,52000,104000,70000,34000
TRX-202506-0558,2025-06-05,CUST003,PRD007,2,225000,450000,360000,90000
TRX-202506-0558,2025-06-05,CUST003,PRD010,3,20000,60000,36000,24000
TRX-202506-0559,2025-06-05,CUST002,PRD004,4,105000,420000,280000,140000
TRX-202506-0559,2025-06-05,CUST002,PRD006,7,110000,770000,525000,245000
TRX-202506-0560,2025-06-06,CUST002,PRD001,1,175000,175000,120000,55000
TRX-202506-0560,2025-06-06,CUST002,PRD002,3,70000,210000,135000,75000
TRX-202506-0560,2025-06-06,CUST002,PRD008,7,40000,280000,196000,84000
TRX-202506-0561,2025-06-06,CUST006,PRD005,2,105000,210000,140000,70000
TRX-202506-0562,2025-06-07,CUST003,PRD007,5,225000,1125000,900000,225000
TRX-202506-0562,2025-06-07,CUST003,PRD003,7,130000,910000,595000,315000
TRX-202506-0563,2025-06-07,CUST008,PRD010,8,20000,160000,96000,64000
TRX-202506-0564,2025-06-07,CUST008,PRD009,1,52000,52000,35000,17000
TRX-202506-0564,2025-06-07,CUST008,PRD003,7,130000,910000,595000,315000
TRX-202506-0565,2025-06-07,CUST005,PRD010,6,20000,120000,72000,48000
TRX-202506-0565,2025-06-07,CUST005,PRD007,5,225000,1125000,900000,225000
TRX-202506-0566,2025-06-08,CUST006,PRD001,6,175000,1050000,720000,330000
TRX-202506-0567,2025-06-08,CUST001,PRD011,7,35000,245000,154000,91000
TRX-202506-0567,2025-06-08,CUST001,PRD007,5,225000,1125000,900000,225000
TRX-202506-0568,2025-06-09,CUST005,PRD001,7,175000,1225000,840000,385000
TRX-202506-0568,2025-06-09,CUST005,PRD005,4,105000,420000,280000,140000
TRX-202506-0569,2025-06-09,CUST002,PRD010,6,20000,120000,72000,48000
TRX-202506-0569,2025-06-09,CUST002,PRD002,5,70000,350000,225000,125000
TRX-202506-0569,2025-06-09,CUST002,PRD012,2,48000,96000,64000,32000
TRX-202506-0570,2025-06-09,CUST008,PRD004,2,105000,210000,140000,70000
TRX-202506-0570,2025-06-09,CUST008,PRD006,5,110000,550000,375000,175000
TRX-202506-0571,2025-06-10,CUST001,PRD004,3,105000,315000,210000,105000
TRX-202506-0571,2025-06-10,CUST001,PRD006,4,110000,440000,300000,140000
TRX-202506-0571,2025-06-10,CUST001,PRD008,3,40000,120000,84000,36000
TRX-202506-0572,2025-06-10,CUST005,PRD007,2,225000,450000,360000,90000
TRX-202506-0572,2025-06-10,CUST005,PRD006,4,110000,440000,300000,140000
TRX-202506-0573,2025-06-10,CUST007,PRD005,3,105000,315000,210000,105000
TRX-202506-0573,2025-06-10,CUST007,PRD011,5,35000,175000,110000,65000
TRX-202506-0574,2025-06-10,CUST004,PRD004,3,105000,315000,210000,105000
TRX-202506-0574,2025-06-10,CUST004,PRD002,4,70000,280000,180000,100000
TRX-202506-0575,2025-06-10,CUST001,PRD005,8,105000,840000,560000,280000
TRX-202506-0576,2025-06-11,CUST006,PRD011,3,35000,105000,66000,39000
TRX-202506-0576,2025-06-11,CUST006,PRD002,4,70000,280000,180000,100000
TRX-202506-0576,2025-06-11,CUST006,PRD007,2,225000,450000,360000,90000
TRX-202506-0577,2025-06-11,CUST002,PRD011,5,35000,175000,110000,65000
TRX-202506-0577,2025-06-11,CUST002,PRD010,8,20000,160000,96000,64000
TRX-202506-0577,2025-06-11,CUST002,PRD009,2,52000,104000,70000,34000
TRX-202506-0578,2025-06-11,CUST004,PRD002,7,70000,490000,315000,175000
TRX-202506-0578,2025-06-11,CUST004,PRD006,4,110000,440000,300000,140000
TRX-202506-0578,2025-06-11,CUST004,PRD011,7,35000,245000,154000,91000
TRX-202506-0579,2025-06-11,CUST004,PRD002,3,70000,210000,135000,75000
TRX-202506-0580,2025-06-11,CUST004,PRD008,5,40000,200000,140000,60000
TRX-202506-0580,2025-06-11,CUST004,PRD007,1,225000,225000,180000,45000
TRX-202506-0581,2025-06-12,CUST005,PRD012,4,48000,192000,128000,64000
TRX-202506-0581,2025-06-12,CUST005,PRD006,8,110000,880000,600000,280000
TRX-202506-0581,2025-06-12,CUST005,PRD002,7,70000,490000,315000,175000
TRX-202506-0582,2025-06-12,CUST001,PRD005,2,105000,210000,140000,70000
TRX-202506-0582,2025-06-12,CUST001,PRD012,4,48000,192000,128000,64000
TRX-202506-0583,2025-06-12,CUST005,PRD003,8,130000,1040000,680000,360000
TRX-202506-0584,2025-06-12,CUST006,PRD007,2,225000,450000,360000,90000
TRX-202506-0584,2025-06-12,CUST006,PRD001,8,175000,1400000,960000,440000
TRX-202506-0584,2025-06-12,CUST006,PRD005,8,105000,840000,560000,280000
TRX-202506-0585,2025-06-12,CUST007,PRD012,2,48000,96000,64000,32000
TRX-202506-0585,2025-06-12,CUST007,PRD007,3,225000,675000,540000,135000
TRX-202506-0586,2025-06-13,CUST007,PRD008,3,40000,120000,84000,36000
TRX-202506-0586,2025-06-13,CUST007,PRD012,5,48000,240000,160000,80000
TRX-202506-0587,2025-06-13,CUST003,PRD010,4,20000,80000,48000,32000
TRX-202506-0587,2025-06-13,CUST003,PRD006,2,110000,220000,150000,70000
TRX-202506-0587,2025-06-13,CUST003,PRD005,7,105000,735000,490000,245000
TRX-202506-0588,2025-06-13,CUST006,PRD007,7,225000,1575000,1260000,315000
TRX-202506-0589,2025-06-14,CUST008,PRD004,4,105000,420000,280000,140000
TRX-202506-0590,2025-06-14,CUST004,PRD005,7,105000,735000,490000,245000
TRX-202506-0590,2025-06-14,CUST004,PRD008,3,40000,120000,84000,36000
TRX-202506-0591,2025-06-14,CUST007,PRD010,4,20000,80000,48000,32000
TRX-202506-0592,2025-06-14,CUST005,PRD011,3,35000,105000,66000,39000
TRX-202506-0592,2025-06-14,CUST005,PRD004,7,105000,735000,490000,245000
TRX-202506-0592,2025-06-14,CUST005,PRD007,3,225000,675000,540000,135000
TRX-202506-0593,2025-06-14,CUST001,PRD005,8,105000,840000,560000,280000
TRX-202506-0593,2025-06-14,CUST001,PRD004,4,105000,420000,280000,140000
TRX-202506-0594,2025-06-15,CUST001,PRD009,7,52000,364000,245000,119000
TRX-202506-0594,2025-06-15,CUST001,PRD010,5,20000,100000,60000,40000
TRX-202506-0595,2025-06-15,CUST007,PRD006,1,110000,110000,75000,35000
TRX-202506-0595,2025-06-15,CUST007,PRD003,3,130000,390000,255000,135000
TRX-202506-0595,2025-06-15,CUST007,PRD009,5,52000,260000,175000,85000
TRX-202506-0596,2025-06-16,CUST008,PRD009,8,52000,416000,280000,136000
TRX-202506-0597,2025-06-16,CUST001,PRD003,1,130000,130000,85000,45000
TRX-202506-0598,2025-06-16,CUST004,PRD001,8,175000,1400000,960000,440000
TRX-202506-0599,2025-06-16,CUST005,PRD012,8,48000,384000,256000,128000
TRX-202506-0600,2025-06-17,CUST003,PRD002,8,70000,560000,360000,200000
TRX-202506-0600,2025-06-17,CUST003,PRD004,2,105000,210000,140000,70000
TRX-202506-0601,2025-06-17,CUST006,PRD005,2,105000,210000,140000,70000
TRX-202506-0602,2025-06-18,CUST006,PRD012,2,48000,96000,64000,32000
TRX-202506-0603,2025-06-18,CUST007,PRD007,5,225000,1125000,900000,225000
TRX-202506-0604,2025-06-18,CUST003,PRD007,2,225000,450000,360000,90000
TRX-202506-0605,2025-06-18,CUST001,PRD003,7,130000,910000,595000,315000
TRX-202506-0606,2025-06-19,CUST003,PRD011,2,35000,70000,44000,26000
TRX-202506-0606,2025-06-19,CUST003,PRD007,1,225000,225000,180000,45000
TRX-202506-0607,2025-06-19,CUST006,PRD011,3,35000,105000,66000,39000
TRX-202506-0607,2025-06-19,CUST006,PRD004,8,105000,840000,560000,280000
TRX-202506-0608,2025-06-19,CUST002,PRD008,2,40000,80000,56000,24000
TRX-202506-0608,2025-06-19,CUST002,PRD007,8,225000,1800000,1440000,360000
TRX-202506-0609,2025-06-19,CUST005,PRD003,5,130000,650000,425000,225000
TRX-202506-0610,2025-06-20,CUST002,PRD012,6,48000,288000,192000,96000
TRX-202506-0610,2025-06-20,CUST002,PRD005,8,105000,840000,560000,280000
TRX-202506-0611,2025-06-20,CUST008,PRD005,4,105000,420000,280000,140000
TRX-202506-0611,2025-06-20,CUST008,PRD006,3,110000,330000,225000,105000
TRX-202506-0611,2025-06-20,CUST008,PRD003,2,130000,260000,170000,90000
TRX-202506-0612,2025-06-21,CUST002,PRD003,1,130000,130000,85000,45000
TRX-202506-0613,2025-06-21,CUST004,PRD001,4,175000,700000,480000,220000
TRX-202506-0614,2025-06-21,CUST001,PRD008,3,40000,120000,84000,36000
TRX-202506-0615,2025-06-21,CUST004,PRD011,4,35000,140000,88000,52000
TRX-202506-0615,2025-06-21,CUST004,PRD009,2,52000,104000,70000,34000
TRX-202506-0616,2025-06-22,CUST001,PRD007,8,225000,1800000,1440000,360000
TRX-202506-0616,2025-06-22,CUST001,PRD008,4,40000,160000,112000,48000
TRX-202506-0617,2025-06-22,CUST001,PRD001,6,175000,1050000,720000,330000
TRX-202506-0617,2025-06-22,CUST001,PRD007,2,225000,450000,360000,90000
TRX-202506-0617,2025-06-22,CUST001,PRD010,5,20000,100000,60000,40000
TRX-202506-0618,2025-06-22,CUST007,PRD002,6,70000,420000,270000,150000
TRX-202506-0618,2025-06-22,CUST007,PRD008,8,40000,320000,224000,96000
TRX-202506-0619,2025-06-22,CUST007,PRD003,5,130000,650000,425000,225000
TRX-202506-0620,2025-06-23,CUST002,PRD008,4,40000,160000,112000,48000
TRX-202506-0620,2025-06-23,CUST002,PRD003,3,130000,390000,255000,135000
TRX-202506-0620,2025-06-23,CUST002,PRD011,8,35000,280000,176000,104000
TRX-202506-0621,2025-06-23,CUST002,PRD008,4,40000,160000,112000,48000
TRX-202506-0621,2025-06-23,CUST002,PRD005,4,105000,420000,280000,140000
TRX-202506-0622,2025-06-23,CUST001,PRD006,5,110000,550000,375000,175000
TRX-202506-0623,2025-06-23,CUST006,PRD003,1,130000,130000,85000,45000
TRX-202506-0623,2025-06-23,CUST006,PRD012,2,48000,96000,64000,32000
TRX-202506-0623,2025-06-23,CUST006,PRD009,6,52000,312000,210000,102000
TRX-202506-0624,2025-06-24,CUST001,PRD002,4,70000,280000,180000,100000
TRX-202506-0624,2025-06-24,CUST001,PRD003,6,130000,780000,510000,270000
TRX-202506-0624,2025-06-24,CUST001,PRD012,3,48000,144000,96000,48000
TRX-202506-0625,2025-06-24,CUST005,PRD008,2,40000,80000,56000,24000
TRX-202506-0625,2025-06-24,CUST005,PRD009,3,52000,156000,105000,51000
TRX-202506-0625,2025-06-24,CUST005,PRD012,6,48000,288000,192000,96000
TRX-202506-0626,2025-06-25,CUST008,PRD011,8,35000,280000,176000,104000
TRX-202506-0626,2025-06-25,CUST008,PRD006,3,110000,330000,225000,105000
TRX-202506-0626,2025-06-25,CUST008,PRD001,1,175000,175000,120000,55000
TRX-202506-0627,2025-06-25,CUST002,PRD006,6,110000,660000,450000,210000
TRX-202506-0628,2025-06-25,CUST007,PRD007,1,225000,225000,180000,45000
TRX-202506-0629,2025-06-25,CUST007,PRD011,3,35000,105000,66000,39000
TRX-202506-0630,2025-06-25,CUST001,PRD012,5,48000,240000,160000,80000
TRX-202506-0630,2025-06-25,CUST001,PRD011,7,35000,245000,154000,91000
TRX-202506-0630,2025-06-25,CUST001,PRD009,7,52000,364000,245000,119000
TRX-202506-0631,2025-06-26,CUST001,PRD006,5,110000,550000,375000,175000
TRX-202506-0631,2025-06-26,CUST001,PRD007,4,225000,900000,720000,180000
TRX-202506-0631,2025-06-26,CUST001,PRD003,2,130000,260000,170000,90000
TRX-202506-0632,2025-06-26,CUST005,PRD006,1,110000,110000,75000,35000
TRX-202506-0632,2025-06-26,CUST005,PRD011,1,35000,35000,22000,13000
TRX-202506-0632,2025-06-26,CUST005,PRD003,5,130000,650000,425000,225000
TRX-202506-0633,2025-06-27,CUST006,PRD005,3,105000,315000,210000,105000
TRX-202506-0633,2025-06-27,CUST006,PRD011,7,35000,245000,154000,91000
TRX-202506-0634,2025-06-27,CUST004,PRD006,4,110000,440000,300000,140000
TRX-202506-0635,2025-06-27,CUST006,PRD002,7,70000,490000,315000,175000
TRX-202506-0635,2025-06-27,CUST006,PRD003,7,130000,910000,595000,315000
TRX-202506-0636,2025-06-28,CUST003,PRD012,3,48000,144000,96000,48000
TRX-202506-0636,2025-06-28,CUST003,PRD008,2,40000,80000,56000,24000
TRX-202506-0637,2025-06-28,CUST004,PRD008,3,40000,120000,84000,36000
TRX-202506-0637,2025-06-28,CUST004,PRD001,6,175000,1050000,720000,330000
TRX-202506-0638,2025-06-28,CUST002,PRD007,6,225000,1350000,1080000,270000
TRX-202506-0638,2025-06-28,CUST002,PRD002,5,70000,350000,225000,125000
TRX-202506-0638,2025-06-28,CUST002,PRD011,1,35000,35000,22000,13000
TRX-202506-0639,2025-06-29,CUST008,PRD007,3,225000,675000,540000,135000
TRX-202506-0639,2025-06-29,CUST008,PRD008,3,40000,120000,84000,36000
TRX-202506-0640,2025-06-29,CUST008,PRD011,3,35000,105000,66000,39000
TRX-202506-0640,2025-06-29,CUST008,PRD008,6,40000,240000,168000,72000
TRX-202506-0641,2025-06-29,CUST002,PRD011,7,35000,245000,154000,91000
TRX-202506-0641,2025-06-29,CUST002,PRD010,4,20000,80000,48000,32000
TRX-202506-0641,2025-06-29,CUST002,PRD007,7,225000,1575000,1260000,315000
TRX-202506-0642,2025-06-29,CUST006,PRD001,5,175000,875000,600000,275000
TRX-202506-0642,2025-06-29,CUST006,PRD011,2,35000,70000,44000,26000
TRX-202506-0642,2025-06-29,CUST006,PRD008,3,40000,120000,84000,36000
TRX-202506-0643,2025-06-30,CUST002,PRD010,1,20000,20000,12000,8000
TRX-202506-0643,2025-06-30,CUST002,PRD006,8,110000,880000,600000,280000
TRX-202506-0643,2025-06-30,CUST002,PRD007,1,225000,225000,180000,45000
TRX-202506-0644,2025-06-30,CUST006,PRD003,1,130000,130000,85000,45000
TRX-202506-0644,2025-06-30,CUST006,PRD007,6,225000,1350000,1080000,270000
TRX-202506-0645,2025-06-30,CUST007,PRD002,2,70000,140000,90000,50000
TRX-202506-0645,2025-06-30,CUST007,PRD012,3,48000,144000,96000,48000
TRX-202506-0646,2025-06-30,CUST005,PRD003,5,130000,650000,425000,225000
TRX-202506-0647,2025-06-30,CUST002,PRD005,7,105000,735000,490000,245000
TRX-202507-0648,2025-07-01,CUST007,PRD008,1,40000,40000,28000,12000
TRX-202507-0649,2025-07-01,CUST007,PRD004,2,105000,210000,140000,70000
TRX-202507-0649,2025-07-01,CUST007,PRD001,4,175000,700000,480000,220000
TRX-202507-0649,2025-07-01,CUST007,PRD005,3,105000,315000,210000,105000
TRX-202507-0650,2025-07-01,CUST005,PRD007,4,225000,900000,720000,180000
TRX-202507-0650,2025-07-01,CUST005,PRD008,3,40000,120000,84000,36000
TRX-202507-0650,2025-07-01,CUST005,PRD002,6,70000,420000,270000,150000
TRX-202507-0651,2025-07-01,CUST003,PRD009,7,52000,364000,245000,119000
TRX-202507-0652,2025-07-01,CUST008,PRD001,8,175000,1400000,960000,440000
TRX-202507-0653,2025-07-02,CUST007,PRD010,6,20000,120000,72000,48000
TRX-202507-0654,2025-07-02,CUST006,PRD005,4,105000,420000,280000,140000
TRX-202507-0654,2025-07-02,CUST006,PRD008,6,40000,240000,168000,72000
TRX-202507-0654,2025-07-02,CUST006,PRD012,6,48000,288000,192000,96000
TRX-202507-0655,2025-07-02,CUST004,PRD010,1,20000,20000,12000,8000
TRX-202507-0655,2025-07-02,CUST004,PRD006,3,110000,330000,225000,105000
TRX-202507-0656,2025-07-02,CUST001,PRD008,3,40000,120000,84000,36000
TRX-202507-0656,2025-07-02,CUST001,PRD001,7,175000,1225000,840000,385000
TRX-202507-0656,2025-07-02,CUST001,PRD011,8,35000,280000,176000,104000
TRX-202507-0657,2025-07-03,CUST004,PRD010,5,20000,100000,60000,40000
TRX-202507-0658,2025-07-03,CUST004,PRD008,6,40000,240000,168000,72000
TRX-202507-0659,2025-07-03,CUST001,PRD008,4,40000,160000,112000,48000
TRX-202507-0659,2025-07-03,CUST001,PRD010,1,20000,20000,12000,8000
TRX-202507-0660,2025-07-03,CUST004,PRD007,8,225000,1800000,1440000,360000
TRX-202507-0660,2025-07-03,CUST004,PRD002,3,70000,210000,135000,75000
TRX-202507-0660,2025-07-03,CUST004,PRD005,4,105000,420000,280000,140000
TRX-202507-0661,2025-07-04,CUST006,PRD007,2,225000,450000,360000,90000
TRX-202507-0661,2025-07-04,CUST006,PRD005,8,105000,840000,560000,280000
TRX-202507-0662,2025-07-04,CUST008,PRD009,4,52000,208000,140000,68000
TRX-202507-0662,2025-07-04,CUST008,PRD001,1,175000,175000,120000,55000
TRX-202507-0663,2025-07-05,CUST006,PRD004,8,105000,840000,560000,280000
TRX-202507-0663,2025-07-05,CUST006,PRD002,4,70000,280000,180000,100000
TRX-202507-0664,2025-07-05,CUST006,PRD006,4,110000,440000,300000,140000
TRX-202507-0665,2025-07-06,CUST007,PRD002,7,70000,490000,315000,175000
TRX-202507-0665,2025-07-06,CUST007,PRD010,4,20000,80000,48000,32000
TRX-202507-0666,2025-07-06,CUST001,PRD007,7,225000,1575000,1260000,315000
TRX-202507-0666,2025-07-06,CUST001,PRD008,2,40000,80000,56000,24000
TRX-202507-0667,2025-07-06,CUST006,PRD011,6,35000,210000,132000,78000
TRX-202507-0667,2025-07-06,CUST006,PRD001,4,175000,700000,480000,220000
TRX-202507-0667,2025-07-06,CUST006,PRD008,2,40000,80000,56000,24000
TRX-202507-0668,2025-07-06,CUST002,PRD010,2,20000,40000,24000,16000
TRX-202507-0669,2025-07-07,CUST008,PRD010,5,20000,100000,60000,40000
TRX-202507-0669,2025-07-07,CUST008,PRD006,6,110000,660000,450000,210000
TRX-202507-0670,2025-07-07,CUST001,PRD010,1,20000,20000,12000,8000
TRX-202507-0670,2025-07-07,CUST001,PRD011,4,35000,140000,88000,52000
TRX-202507-0670,2025-07-07,CUST001,PRD003,1,130000,130000,85000,45000
TRX-202507-0671,2025-07-07,CUST007,PRD004,4,105000,420000,280000,140000
TRX-202507-0671,2025-07-07,CUST007,PRD012,2,48000,96000,64000,32000
TRX-202507-0672,2025-07-08,CUST006,PRD007,3,225000,675000,540000,135000
TRX-202507-0672,2025-07-08,CUST006,PRD004,1,105000,105000,70000,35000
TRX-202507-0672,2025-07-08,CUST006,PRD012,6,48000,288000,192000,96000
TRX-202507-0673,2025-07-08,CUST001,PRD006,1,110000,110000,75000,35000
TRX-202507-0674,2025-07-08,CUST002,PRD005,8,105000,840000,560000,280000
TRX-202507-0675,2025-07-08,CUST004,PRD010,1,20000,20000,12000,8000
TRX-202507-0675,2025-07-08,CUST004,PRD006,4,110000,440000,300000,140000
TRX-202507-0675,2025-07-08,CUST004,PRD001,4,175000,700000,480000,220000
TRX-202507-0676,2025-07-08,CUST005,PRD004,5,105000,525000,350000,175000
TRX-202507-0677,2025-07-09,CUST003,PRD004,7,105000,735000,490000,245000
TRX-202507-0678,2025-07-09,CUST006,PRD010,4,20000,80000,48000,32000
TRX-202507-0678,2025-07-09,CUST006,PRD007,1,225000,225000,180000,45000
TRX-202507-0679,2025-07-09,CUST004,PRD005,4,105000,420000,280000,140000
TRX-202507-0679,2025-07-09,CUST004,PRD003,1,130000,130000,85000,45000
TRX-202507-0679,2025-07-09,CUST004,PRD006,5,110000,550000,375000,175000
TRX-202507-0680,2025-07-10,CUST001,PRD004,4,105000,420000,280000,140000
TRX-202507-0681,2025-07-10,CUST008,PRD007,4,225000,900000,720000,180000
TRX-202507-0682,2025-07-10,CUST005,PRD007,3,225000,675000,540000,135000
TRX-202507-0682,2025-07-10,CUST005,PRD010,6,20000,120000,72000,48000
TRX-202507-0683,2025-07-10,CUST005,PRD002,5,70000,350000,225000,125000
TRX-202507-0683,2025-07-10,CUST005,PRD003,8,130000,1040000,680000,360000
TRX-202507-0683,2025-07-10,CUST005,PRD012,6,48000,288000,192000,96000
TRX-202507-0684,2025-07-10,CUST004,PRD001,6,175000,1050000,720000,330000
TRX-202507-0684,2025-07-10,CUST004,PRD008,7,40000,280000,196000,84000
TRX-202507-0684,2025-07-10,CUST004,PRD009,8,52000,416000,280000,136000
TRX-202507-0685,2025-07-11,CUST006,PRD011,6,35000,210000,132000,78000
TRX-202507-0686,2025-07-11,CUST005,PRD012,5,48000,240000,160000,80000
TRX-202507-0686,2025-07-11,CUST005,PRD011,4,35000,140000,88000,52000
TRX-202507-0687,2025-07-11,CUST003,PRD012,1,48000,48000,32000,16000
TRX-202507-0687,2025-07-11,CUST003,PRD009,5,52000,260000,175000,85000
TRX-202507-0687,2025-07-11,CUST003,PRD005,5,105000,525000,350000,175000
TRX-202507-0688,2025-07-12,CUST004,PRD012,4,48000,192000,128000,64000
TRX-202507-0688,2025-07-12,CUST004,PRD007,8,225000,1800000,1440000,360000
TRX-202507-0689,2025-07-12,CUST008,PRD001,3,175000,525000,360000,165000
TRX-202507-0689,2025-07-12,CUST008,PRD006,5,110000,550000,375000,175000
TRX-202507-0689,2025-07-12,CUST008,PRD003,1,130000,130000,85000,45000
TRX-202507-0690,2025-07-12,CUST008,PRD006,7,110000,770000,525000,245000
TRX-202507-0690,2025-07-12,CUST008,PRD012,7,48000,336000,224000,112000
TRX-202507-0690,2025-07-12,CUST008,PRD004,7,105000,735000,490000,245000
TRX-202507-0691,2025-07-12,CUST005,PRD010,1,20000,20000,12000,8000
TRX-202507-0691,2025-07-12,CUST005,PRD001,3,175000,525000,360000,165000
TRX-202507-0692,2025-07-13,CUST008,PRD003,4,130000,520000,340000,180000
TRX-202507-0693,2025-07-13,CUST002,PRD005,4,105000,420000,280000,140000
TRX-202507-0693,2025-07-13,CUST002,PRD004,5,105000,525000,350000,175000
TRX-202507-0694,2025-07-14,CUST005,PRD001,3,175000,525000,360000,165000
TRX-202507-0695,2025-07-14,CUST008,PRD007,4,225000,900000,720000,180000
TRX-202507-0696,2025-07-14,CUST006,PRD008,1,40000,40000,28000,12000
TRX-202507-0696,2025-07-14,CUST006,PRD012,2,48000,96000,64000,32000
TRX-202507-0696,2025-07-14,CUST006,PRD011,5,35000,175000,110000,65000
TRX-202507-0697,2025-07-14,CUST008,PRD012,7,48000,336000,224000,112000
TRX-202507-0697,2025-07-14,CUST008,PRD005,3,105000,315000,210000,105000
TRX-202507-0698,2025-07-14,CUST007,PRD003,7,130000,910000,595000,315000
TRX-202507-0699,2025-07-15,CUST002,PRD009,6,52000,312000,210000,102000
TRX-202507-0700,2025-07-15,CUST007,PRD003,4,130000,520000,340000,180000
TRX-202507-0700,2025-07-15,CUST007,PRD005,1,105000,105000,70000,35000
TRX-202507-0701,2025-07-15,CUST008,PRD002,8,70000,560000,360000,200000
TRX-202507-0702,2025-07-15,CUST007,PRD012,4,48000,192000,128000,64000
TRX-202507-0702,2025-07-15,CUST007,PRD007,7,225000,1575000,1260000,315000
TRX-202507-0703,2025-07-16,CUST001,PRD005,6,105000,630000,420000,210000
TRX-202507-0703,2025-07-16,CUST001,PRD003,3,130000,390000,255000,135000
TRX-202507-0703,2025-07-16,CUST001,PRD008,4,40000,160000,112000,48000
TRX-202507-0704,2025-07-16,CUST001,PRD009,1,52000,52000,35000,17000
TRX-202507-0704,2025-07-16,CUST001,PRD004,2,105000,210000,140000,70000
TRX-202507-0704,2025-07-16,CUST001,PRD008,7,40000,280000,196000,84000
TRX-202507-0705,2025-07-17,CUST001,PRD009,6,52000,312000,210000,102000
TRX-202507-0705,2025-07-17,CUST001,PRD002,6,70000,420000,270000,150000
TRX-202507-0706,2025-07-17,CUST004,PRD004,7,105000,735000,490000,245000
TRX-202507-0706,2025-07-17,CUST004,PRD009,2,52000,104000,70000,34000
TRX-202507-0706,2025-07-17,CUST004,PRD007,4,225000,900000,720000,180000
TRX-202507-0707,2025-07-17,CUST004,PRD006,6,110000,660000,450000,210000
TRX-202507-0708,2025-07-18,CUST006,PRD011,6,35000,210000,132000,78000
TRX-202507-0709,2025-07-18,CUST008,PRD006,1,110000,110000,75000,35000
TRX-202507-0710,2025-07-18,CUST008,PRD009,4,52000,208000,140000,68000
TRX-202507-0710,2025-07-18,CUST008,PRD011,1,35000,35000,22000,13000
TRX-202507-0711,2025-07-19,CUST007,PRD005,6,105000,630000,420000,210000
TRX-202507-0711,2025-07-19,CUST007,PRD001,6,175000,1050000,720000,330000
TRX-202507-0711,2025-07-19,CUST007,PRD004,4,105000,420000,280000,140000
TRX-202507-0712,2025-07-19,CUST004,PRD001,4,175000,700000,480000,220000
TRX-202507-0712,2025-07-19,CUST004,PRD011,7,35000,245000,154000,91000
TRX-202507-0712,2025-07-19,CUST004,PRD004,6,105000,630000,420000,210000
TRX-202507-0713,2025-07-20,CUST005,PRD010,4,20000,80000,48000,32000
TRX-202507-0713,2025-07-20,CUST005,PRD008,5,40000,200000,140000,60000
TRX-202507-0714,2025-07-20,CUST008,PRD006,7,110000,770000,525000,245000
TRX-202507-0715,2025-07-20,CUST007,PRD008,8,40000,320000,224000,96000
TRX-202507-0716,2025-07-21,CUST004,PRD004,1,105000,105000,70000,35000
TRX-202507-0717,2025-07-21,CUST001,PRD012,7,48000,336000,224000,112000
TRX-202507-0717,2025-07-21,CUST001,PRD006,7,110000,770000,525000,245000
TRX-202507-0717,2025-07-21,CUST001,PRD008,7,40000,280000,196000,84000
TRX-202507-0718,2025-07-21,CUST006,PRD008,2,40000,80000,56000,24000
TRX-202507-0718,2025-07-21,CUST006,PRD005,7,105000,735000,490000,245000
TRX-202507-0719,2025-07-21,CUST001,PRD007,3,225000,675000,540000,135000
TRX-202507-0720,2025-07-21,CUST004,PRD005,8,105000,840000,560000,280000
TRX-202507-0720,2025-07-21,CUST004,PRD006,5,110000,550000,375000,175000
TRX-202507-0721,2025-07-22,CUST002,PRD011,7,35000,245000,154000,91000
TRX-202507-0722,2025-07-22,CUST007,PRD010,4,20000,80000,48000,32000
TRX-202507-0722,2025-07-22,CUST007,PRD002,7,70000,490000,315000,175000
TRX-202507-0722,2025-07-22,CUST007,PRD009,3,52000,156000,105000,51000
TRX-202507-0723,2025-07-23,CUST007,PRD005,3,105000,315000,210000,105000
TRX-202507-0723,2025-07-23,CUST007,PRD007,6,225000,1350000,1080000,270000
TRX-202507-0723,2025-07-23,CUST007,PRD003,3,130000,390000,255000,135000
TRX-202507-0724,2025-07-23,CUST003,PRD008,3,40000,120000,84000,36000
TRX-202507-0725,2025-07-23,CUST002,PRD010,3,20000,60000,36000,24000
TRX-202507-0725,2025-07-23,CUST002,PRD004,4,105000,420000,280000,140000
TRX-202507-0726,2025-07-23,CUST001,PRD003,7,130000,910000,595000,315000
TRX-202507-0726,2025-07-23,CUST001,PRD004,8,105000,840000,560000,280000
TRX-202507-0726,2025-07-23,CUST001,PRD005,2,105000,210000,140000,70000
TRX-202507-0727,2025-07-23,CUST003,PRD005,2,105000,210000,140000,70000
TRX-202507-0728,2025-07-24,CUST006,PRD004,7,105000,735000,490000,245000
TRX-202507-0728,2025-07-24,CUST006,PRD006,7,110000,770000,525000,245000
TRX-202507-0729,2025-07-24,CUST001,PRD006,1,110000,110000,75000,35000
TRX-202507-0729,2025-07-24,CUST001,PRD002,8,70000,560000,360000,200000
TRX-202507-0730,2025-07-24,CUST007,PRD003,2,130000,260000,170000,90000
TRX-202507-0730,2025-07-24,CUST007,PRD001,5,175000,875000,600000,275000
TRX-202507-0730,2025-07-24,CUST007,PRD010,4,20000,80000,48000,32000
TRX-202507-0731,2025-07-24,CUST006,PRD010,8,20000,160000,96000,64000
TRX-202507-0731,2025-07-24,CUST006,PRD011,7,35000,245000,154000,91000
TRX-202507-0732,2025-07-25,CUST003,PRD010,3,20000,60000,36000,24000
TRX-202507-0732,2025-07-25,CUST003,PRD009,8,52000,416000,280000,136000
TRX-202507-0732,2025-07-25,CUST003,PRD001,2,175000,350000,240000,110000
TRX-202507-0733,2025-07-25,CUST005,PRD009,8,52000,416000,280000,136000
TRX-202507-0733,2025-07-25,CUST005,PRD008,2,40000,80000,56000,24000
TRX-202507-0733,2025-07-25,CUST005,PRD003,8,130000,1040000,680000,360000
TRX-202507-0734,2025-07-25,CUST004,PRD004,3,105000,315000,210000,105000
TRX-202507-0735,2025-07-26,CUST006,PRD012,7,48000,336000,224000,112000
TRX-202507-0735,2025-07-26,CUST006,PRD007,4,225000,900000,720000,180000
TRX-202507-0736,2025-07-26,CUST004,PRD002,2,70000,140000,90000,50000
TRX-202507-0736,2025-07-26,CUST004,PRD005,2,105000,210000,140000,70000
TRX-202507-0737,2025-07-27,CUST002,PRD001,8,175000,1400000,960000,440000
TRX-202507-0737,2025-07-27,CUST002,PRD009,6,52000,312000,210000,102000
TRX-202507-0738,2025-07-27,CUST003,PRD004,8,105000,840000,560000,280000
TRX-202507-0738,2025-07-27,CUST003,PRD008,3,40000,120000,84000,36000
TRX-202507-0739,2025-07-27,CUST005,PRD012,1,48000,48000,32000,16000
TRX-202507-0740,2025-07-28,CUST008,PRD007,1,225000,225000,180000,45000
TRX-202507-0740,2025-07-28,CUST008,PRD005,7,105000,735000,490000,245000
TRX-202507-0740,2025-07-28,CUST008,PRD003,6,130000,780000,510000,270000
TRX-202507-0741,2025-07-28,CUST007,PRD008,7,40000,280000,196000,84000
TRX-202507-0741,2025-07-28,CUST007,PRD006,2,110000,220000,150000,70000
TRX-202507-0741,2025-07-28,CUST007,PRD007,5,225000,1125000,900000,225000
TRX-202507-0742,2025-07-28,CUST005,PRD004,2,105000,210000,140000,70000
TRX-202507-0742,2025-07-28,CUST005,PRD009,3,52000,156000,105000,51000
TRX-202507-0742,2025-07-28,CUST005,PRD007,6,225000,1350000,1080000,270000
TRX-202507-0743,2025-07-29,CUST001,PRD006,8,110000,880000,600000,280000
TRX-202507-0744,2025-07-29,CUST003,PRD002,6,70000,420000,270000,150000
TRX-202507-0745,2025-07-29,CUST007,PRD011,7,35000,245000,154000,91000
TRX-202507-0746,2025-07-30,CUST001,PRD010,5,20000,100000,60000,40000
TRX-202507-0746,2025-07-30,CUST001,PRD012,2,48000,96000,64000,32000
TRX-202507-0746,2025-07-30,CUST001,PRD008,3,40000,120000,84000,36000
TRX-202507-0747,2025-07-30,CUST007,PRD011,5,35000,175000,110000,65000
TRX-202507-0747,2025-07-30,CUST007,PRD007,3,225000,675000,540000,135000
TRX-202507-0748,2025-07-30,CUST002,PRD002,3,70000,210000,135000,75000
TRX-202507-0748,2025-07-30,CUST002,PRD009,7,52000,364000,245000,119000
TRX-202507-0749,2025-07-31,CUST002,PRD005,2,105000,210000,140000,70000
TRX-202507-0749,2025-07-31,CUST002,PRD001,5,175000,875000,600000,275000
TRX-202507-0749,2025-07-31,CUST002,PRD002,6,70000,420000,270000,150000
TRX-202507-0750,2025-07-31,CUST003,PRD011,4,35000,140000,88000,52000
TRX-202507-0750,2025-07-31,CUST003,PRD001,5,175000,875000,600000,275000
TRX-202507-0751,2025-07-31,CUST001,PRD005,8,105000,840000,560000,280000
TRX-202507-0751,2025-07-31,CUST001,PRD011,3,35000,105000,66000,39000
TRX-202507-0751,2025-07-31,CUST001,PRD009,8,52000,416000,280000,136000
TRX-202508-0752,2025-08-01,CUST007,PRD002,7,70000,490000,315000,175000
TRX-202508-0752,2025-08-01,CUST007,PRD005,3,105000,315000,210000,105000
TRX-202508-0753,2025-08-01,CUST004,PRD011,5,35000,175000,110000,65000
TRX-202508-0754,2025-08-01,CUST004,PRD006,3,110000,330000,225000,105000
TRX-202508-0754,2025-08-01,CUST004,PRD010,7,20000,140000,84000,56000
TRX-202508-0754,2025-08-01,CUST004,PRD009,3,52000,156000,105000,51000
TRX-202508-0755,2025-08-02,CUST002,PRD009,5,52000,260000,175000,85000
TRX-202508-0756,2025-08-02,CUST008,PRD009,6,52000,312000,210000,102000
TRX-202508-0757,2025-08-03,CUST001,PRD011,7,35000,245000,154000,91000
TRX-202508-0757,2025-08-03,CUST001,PRD006,8,110000,880000,600000,280000
TRX-202508-0757,2025-08-03,CUST001,PRD004,3,105000,315000,210000,105000
TRX-202508-0758,2025-08-03,CUST008,PRD008,5,40000,200000,140000,60000
TRX-202508-0758,2025-08-03,CUST008,PRD009,5,52000,260000,175000,85000
TRX-202508-0759,2025-08-03,CUST007,PRD012,2,48000,96000,64000,32000
TRX-202508-0759,2025-08-03,CUST007,PRD004,5,105000,525000,350000,175000
TRX-202508-0759,2025-08-03,CUST007,PRD005,7,105000,735000,490000,245000
TRX-202508-0760,2025-08-03,CUST006,PRD011,2,35000,70000,44000,26000
TRX-202508-0761,2025-08-04,CUST007,PRD009,1,52000,52000,35000,17000
TRX-202508-0761,2025-08-04,CUST007,PRD006,8,110000,880000,600000,280000
TRX-202508-0761,2025-08-04,CUST007,PRD004,3,105000,315000,210000,105000
TRX-202508-0762,2025-08-04,CUST004,PRD002,6,70000,420000,270000,150000
TRX-202508-0763,2025-08-05,CUST008,PRD008,1,40000,40000,28000,12000
TRX-202508-0763,2025-08-05,CUST008,PRD001,8,175000,1400000,960000,440000
TRX-202508-0763,2025-08-05,CUST008,PRD006,6,110000,660000,450000,210000
TRX-202508-0764,2025-08-05,CUST005,PRD002,6,70000,420000,270000,150000
TRX-202508-0764,2025-08-05,CUST005,PRD001,3,175000,525000,360000,165000
TRX-202508-0765,2025-08-06,CUST003,PRD006,7,110000,770000,525000,245000
TRX-202508-0766,2025-08-06,CUST001,PRD012,2,48000,96000,64000,32000
TRX-202508-0766,2025-08-06,CUST001,PRD004,4,105000,420000,280000,140000
TRX-202508-0767,2025-08-06,CUST005,PRD003,7,130000,910000,595000,315000
TRX-202508-0768,2025-08-06,CUST007,PRD006,4,110000,440000,300000,140000
TRX-202508-0768,2025-08-06,CUST007,PRD001,8,175000,1400000,960000,440000
TRX-202508-0768,2025-08-06,CUST007,PRD003,5,130000,650000,425000,225000
TRX-202508-0769,2025-08-06,CUST002,PRD008,8,40000,320000,224000,96000
TRX-202508-0769,2025-08-06,CUST002,PRD009,3,52000,156000,105000,51000
TRX-202508-0770,2025-08-07,CUST007,PRD010,3,20000,60000,36000,24000
TRX-202508-0771,2025-08-07,CUST003,PRD005,2,105000,210000,140000,70000
TRX-202508-0772,2025-08-08,CUST002,PRD007,7,225000,1575000,1260000,315000
TRX-202508-0773,2025-08-08,CUST005,PRD011,6,35000,210000,132000,78000
TRX-202508-0773,2025-08-08,CUST005,PRD004,7,105000,735000,490000,245000
TRX-202508-0773,2025-08-08,CUST005,PRD012,8,48000,384000,256000,128000
TRX-202508-0774,2025-08-08,CUST001,PRD007,5,225000,1125000,900000,225000
TRX-202508-0774,2025-08-08,CUST001,PRD011,2,35000,70000,44000,26000
TRX-202508-0774,2025-08-08,CUST001,PRD001,5,175000,875000,600000,275000
TRX-202508-0775,2025-08-09,CUST006,PRD012,6,48000,288000,192000,96000
TRX-202508-0775,2025-08-09,CUST006,PRD006,4,110000,440000,300000,140000
TRX-202508-0776,2025-08-09,CUST005,PRD010,7,20000,140000,84000,56000
TRX-202508-0777,2025-08-09,CUST002,PRD003,2,130000,260000,170000,90000
TRX-202508-0778,2025-08-10,CUST007,PRD008,7,40000,280000,196000,84000
TRX-202508-0779,2025-08-10,CUST001,PRD010,5,20000,100000,60000,40000
TRX-202508-0780,2025-08-11,CUST008,PRD012,5,48000,240000,160000,80000
TRX-202508-0780,2025-08-11,CUST008,PRD009,4,52000,208000,140000,68000
TRX-202508-0780,2025-08-11,CUST008,PRD005,5,105000,525000,350000,175000
TRX-202508-0781,2025-08-11,CUST005,PRD002,1,70000,70000,45000,25000
TRX-202508-0781,2025-08-11,CUST005,PRD003,4,130000,520000,340000,180000
TRX-202508-0781,2025-08-11,CUST005,PRD004,5,105000,525000,350000,175000
TRX-202508-0782,2025-08-12,CUST006,PRD011,1,35000,35000,22000,13000
TRX-202508-0783,2025-08-12,CUST006,PRD012,5,48000,240000,160000,80000
TRX-202508-0784,2025-08-12,CUST003,PRD001,2,175000,350000,240000,110000
TRX-202508-0784,2025-08-12,CUST003,PRD009,7,52000,364000,245000,119000
TRX-202508-0785,2025-08-12,CUST005,PRD011,4,35000,140000,88000,52000
TRX-202508-0785,2025-08-12,CUST005,PRD010,8,20000,160000,96000,64000
TRX-202508-0785,2025-08-12,CUST005,PRD009,4,52000,208000,140000,68000
TRX-202508-0786,2025-08-13,CUST002,PRD002,7,70000,490000,315000,175000
TRX-202508-0787,2025-08-13,CUST004,PRD011,2,35000,70000,44000,26000
TRX-202508-0787,2025-08-13,CUST004,PRD007,3,225000,675000,540000,135000
TRX-202508-0788,2025-08-13,CUST001,PRD002,1,70000,70000,45000,25000
TRX-202508-0788,2025-08-13,CUST001,PRD007,2,225000,450000,360000,90000
TRX-202508-0788,2025-08-13,CUST001,PRD011,1,35000,35000,22000,13000
TRX-202508-0789,2025-08-14,CUST002,PRD001,2,175000,350000,240000,110000
TRX-202508-0790,2025-08-14,CUST005,PRD009,7,52000,364000,245000,119000
TRX-202508-0791,2025-08-14,CUST003,PRD004,1,105000,105000,70000,35000
TRX-202508-0792,2025-08-14,CUST004,PRD007,6,225000,1350000,1080000,270000
TRX-202508-0792,2025-08-14,CUST004,PRD003,5,130000,650000,425000,225000
TRX-202508-0793,2025-08-15,CUST003,PRD011,5,35000,175000,110000,65000
TRX-202508-0793,2025-08-15,CUST003,PRD005,6,105000,630000,420000,210000
TRX-202508-0793,2025-08-15,CUST003,PRD010,2,20000,40000,24000,16000
TRX-202508-0794,2025-08-15,CUST005,PRD011,5,35000,175000,110000,65000
TRX-202508-0794,2025-08-15,CUST005,PRD006,2,110000,220000,150000,70000
TRX-202508-0795,2025-08-15,CUST001,PRD011,3,35000,105000,66000,39000
TRX-202508-0796,2025-08-15,CUST006,PRD007,8,225000,1800000,1440000,360000
TRX-202508-0797,2025-08-15,CUST008,PRD002,7,70000,490000,315000,175000
TRX-202508-0798,2025-08-16,CUST007,PRD010,7,20000,140000,84000,56000
TRX-202508-0799,2025-08-16,CUST004,PRD002,1,70000,70000,45000,25000
TRX-202508-0799,2025-08-16,CUST004,PRD004,4,105000,420000,280000,140000
TRX-202508-0799,2025-08-16,CUST004,PRD006,1,110000,110000,75000,35000
TRX-202508-0800,2025-08-16,CUST006,PRD008,1,40000,40000,28000,12000
TRX-202508-0800,2025-08-16,CUST006,PRD003,6,130000,780000,510000,270000
TRX-202508-0800,2025-08-16,CUST006,PRD002,6,70000,420000,270000,150000
TRX-202508-0801,2025-08-17,CUST001,PRD006,3,110000,330000,225000,105000
TRX-202508-0802,2025-08-17,CUST002,PRD002,1,70000,70000,45000,25000
TRX-202508-0803,2025-08-17,CUST007,PRD003,8,130000,1040000,680000,360000
TRX-202508-0804,2025-08-18,CUST005,PRD004,5,105000,525000,350000,175000
TRX-202508-0804,2025-08-18,CUST005,PRD007,2,225000,450000,360000,90000
TRX-202508-0804,2025-08-18,CUST005,PRD003,7,130000,910000,595000,315000
TRX-202508-0805,2025-08-18,CUST003,PRD004,1,105000,105000,70000,35000
TRX-202508-0805,2025-08-18,CUST003,PRD007,4,225000,900000,720000,180000
TRX-202508-0805,2025-08-18,CUST003,PRD010,7,20000,140000,84000,56000
TRX-202508-0806,2025-08-18,CUST003,PRD009,8,52000,416000,280000,136000
TRX-202508-0806,2025-08-18,CUST003,PRD010,8,20000,160000,96000,64000
TRX-202508-0806,2025-08-18,CUST003,PRD002,6,70000,420000,270000,150000
TRX-202508-0807,2025-08-18,CUST007,PRD003,6,130000,780000,510000,270000
TRX-202508-0807,2025-08-18,CUST007,PRD001,7,175000,1225000,840000,385000
TRX-202508-0808,2025-08-19,CUST001,PRD006,2,110000,220000,150000,70000
TRX-202508-0809,2025-08-19,CUST005,PRD006,5,110000,550000,375000,175000
TRX-202508-0810,2025-08-19,CUST007,PRD004,6,105000,630000,420000,210000
TRX-202508-0810,2025-08-19,CUST007,PRD006,3,110000,330000,225000,105000
TRX-202508-0810,2025-08-19,CUST007,PRD007,2,225000,450000,360000,90000
TRX-202508-0811,2025-08-19,CUST006,PRD012,2,48000,96000,64000,32000
TRX-202508-0811,2025-08-19,CUST006,PRD009,3,52000,156000,105000,51000
TRX-202508-0812,2025-08-19,CUST001,PRD007,1,225000,225000,180000,45000
TRX-202508-0812,2025-08-19,CUST001,PRD008,5,40000,200000,140000,60000
TRX-202508-0812,2025-08-19,CUST001,PRD010,3,20000,60000,36000,24000
TRX-202508-0813,2025-08-20,CUST001,PRD011,4,35000,140000,88000,52000
TRX-202508-0813,2025-08-20,CUST001,PRD007,2,225000,450000,360000,90000
TRX-202508-0813,2025-08-20,CUST001,PRD004,3,105000,315000,210000,105000
TRX-202508-0814,2025-08-20,CUST008,PRD001,3,175000,525000,360000,165000
TRX-202508-0815,2025-08-20,CUST005,PRD002,8,70000,560000,360000,200000
TRX-202508-0815,2025-08-20,CUST005,PRD008,6,40000,240000,168000,72000
TRX-202508-0815,2025-08-20,CUST005,PRD012,3,48000,144000,96000,48000
TRX-202508-0816,2025-08-20,CUST005,PRD002,5,70000,350000,225000,125000
TRX-202508-0817,2025-08-20,CUST006,PRD002,3,70000,210000,135000,75000
TRX-202508-0817,2025-08-20,CUST006,PRD012,8,48000,384000,256000,128000
TRX-202508-0818,2025-08-21,CUST005,PRD001,4,175000,700000,480000,220000
TRX-202508-0818,2025-08-21,CUST005,PRD010,1,20000,20000,12000,8000
TRX-202508-0818,2025-08-21,CUST005,PRD012,3,48000,144000,96000,48000
TRX-202508-0819,2025-08-21,CUST002,PRD007,7,225000,1575000,1260000,315000
TRX-202508-0819,2025-08-21,CUST002,PRD003,2,130000,260000,170000,90000
TRX-202508-0820,2025-08-21,CUST004,PRD008,2,40000,80000,56000,24000
TRX-202508-0820,2025-08-21,CUST004,PRD011,6,35000,210000,132000,78000
TRX-202508-0821,2025-08-21,CUST008,PRD011,8,35000,280000,176000,104000
TRX-202508-0821,2025-08-21,CUST008,PRD009,2,52000,104000,70000,34000
TRX-202508-0822,2025-08-21,CUST002,PRD012,2,48000,96000,64000,32000
TRX-202508-0823,2025-08-22,CUST004,PRD004,1,105000,105000,70000,35000
TRX-202508-0824,2025-08-22,CUST007,PRD005,3,105000,315000,210000,105000
TRX-202508-0824,2025-08-22,CUST007,PRD011,2,35000,70000,44000,26000
TRX-202508-0825,2025-08-22,CUST003,PRD005,7,105000,735000,490000,245000
TRX-202508-0826,2025-08-22,CUST002,PRD012,7,48000,336000,224000,112000
TRX-202508-0826,2025-08-22,CUST002,PRD008,4,40000,160000,112000,48000
TRX-202508-0827,2025-08-22,CUST005,PRD001,2,175000,350000,240000,110000
TRX-202508-0828,2025-08-23,CUST001,PRD008,3,40000,120000,84000,36000
TRX-202508-0829,2025-08-23,CUST008,PRD002,7,70000,490000,315000,175000
TRX-202508-0829,2025-08-23,CUST008,PRD011,5,35000,175000,110000,65000
TRX-202508-0830,2025-08-23,CUST001,PRD003,8,130000,1040000,680000,360000
TRX-202508-0830,2025-08-23,CUST001,PRD011,2,35000,70000,44000,26000
TRX-202508-0831,2025-08-23,CUST001,PRD012,4,48000,192000,128000,64000
TRX-202508-0832,2025-08-24,CUST006,PRD003,8,130000,1040000,680000,360000
TRX-202508-0833,2025-08-24,CUST007,PRD003,3,130000,390000,255000,135000
TRX-202508-0833,2025-08-24,CUST007,PRD009,7,52000,364000,245000,119000
TRX-202508-0834,2025-08-24,CUST007,PRD011,7,35000,245000,154000,91000
TRX-202508-0834,2025-08-24,CUST007,PRD012,5,48000,240000,160000,80000
TRX-202508-0835,2025-08-24,CUST002,PRD002,2,70000,140000,90000,50000
TRX-202508-0836,2025-08-24,CUST001,PRD007,2,225000,450000,360000,90000
TRX-202508-0836,2025-08-24,CUST001,PRD002,8,70000,560000,360000,200000
TRX-202508-0836,2025-08-24,CUST001,PRD008,1,40000,40000,28000,12000
TRX-202508-0837,2025-08-25,CUST005,PRD011,1,35000,35000,22000,13000
TRX-202508-0837,2025-08-25,CUST005,PRD004,7,105000,735000,490000,245000
TRX-202508-0838,2025-08-25,CUST001,PRD001,3,175000,525000,360000,165000
TRX-202508-0839,2025-08-25,CUST006,PRD012,6,48000,288000,192000,96000
TRX-202508-0839,2025-08-25,CUST006,PRD010,3,20000,60000,36000,24000
TRX-202508-0839,2025-08-25,CUST006,PRD006,7,110000,770000,525000,245000
TRX-202508-0840,2025-08-25,CUST004,PRD007,7,225000,1575000,1260000,315000
TRX-202508-0840,2025-08-25,CUST004,PRD004,1,105000,105000,70000,35000
TRX-202508-0840,2025-08-25,CUST004,PRD010,7,20000,140000,84000,56000
TRX-202508-0841,2025-08-26,CUST001,PRD012,7,48000,336000,224000,112000
TRX-202508-0841,2025-08-26,CUST001,PRD009,1,52000,52000,35000,17000
TRX-202508-0841,2025-08-26,CUST001,PRD002,3,70000,210000,135000,75000
TRX-202508-0842,2025-08-26,CUST008,PRD011,4,35000,140000,88000,52000
TRX-202508-0842,2025-08-26,CUST008,PRD006,4,110000,440000,300000,140000
TRX-202508-0842,2025-08-26,CUST008,PRD003,5,130000,650000,425000,225000
TRX-202508-0843,2025-08-26,CUST004,PRD004,1,105000,105000,70000,35000
TRX-202508-0843,2025-08-26,CUST004,PRD007,5,225000,1125000,900000,225000
TRX-202508-0843,2025-08-26,CUST004,PRD005,2,105000,210000,140000,70000
TRX-202508-0844,2025-08-27,CUST008,PRD003,5,130000,650000,425000,225000
TRX-202508-0845,2025-08-27,CUST001,PRD011,1,35000,35000,22000,13000
TRX-202508-0846,2025-08-27,CUST002,PRD006,1,110000,110000,75000,35000
TRX-202508-0846,2025-08-27,CUST002,PRD008,3,40000,120000,84000,36000
TRX-202508-0847,2025-08-27,CUST005,PRD004,1,105000,105000,70000,35000
TRX-202508-0848,2025-08-28,CUST004,PRD003,5,130000,650000,425000,225000
TRX-202508-0848,2025-08-28,CUST004,PRD004,7,105000,735000,490000,245000
TRX-202508-0849,2025-08-28,CUST002,PRD010,4,20000,80000,48000,32000
TRX-202508-0849,2025-08-28,CUST002,PRD005,8,105000,840000,560000,280000
TRX-202508-0849,2025-08-28,CUST002,PRD003,7,130000,910000,595000,315000
TRX-202508-0850,2025-08-28,CUST008,PRD010,6,20000,120000,72000,48000
TRX-202508-0850,2025-08-28,CUST008,PRD005,2,105000,210000,140000,70000
TRX-202508-0851,2025-08-28,CUST007,PRD004,6,105000,630000,420000,210000
TRX-202508-0851,2025-08-28,CUST007,PRD010,6,20000,120000,72000,48000
TRX-202508-0852,2025-08-28,CUST002,PRD003,5,130000,650000,425000,225000
TRX-202508-0852,2025-08-28,CUST002,PRD001,7,175000,1225000,840000,385000
TRX-202508-0853,2025-08-29,CUST004,PRD002,4,70000,280000,180000,100000
TRX-202508-0853,2025-08-29,CUST004,PRD007,4,225000,900000,720000,180000
TRX-202508-0853,2025-08-29,CUST004,PRD005,2,105000,210000,140000,70000
TRX-202508-0854,2025-08-29,CUST005,PRD010,7,20000,140000,84000,56000
TRX-202508-0854,2025-08-29,CUST005,PRD011,7,35000,245000,154000,91000
TRX-202508-0854,2025-08-29,CUST005,PRD002,6,70000,420000,270000,150000
TRX-202508-0855,2025-08-29,CUST006,PRD004,1,105000,105000,70000,35000
TRX-202508-0856,2025-08-29,CUST008,PRD001,7,175000,1225000,840000,385000
TRX-202508-0856,2025-08-29,CUST008,PRD005,2,105000,210000,140000,70000
TRX-202508-0857,2025-08-30,CUST005,PRD006,7,110000,770000,525000,245000
TRX-202508-0857,2025-08-30,CUST005,PRD012,2,48000,96000,64000,32000
TRX-202508-0858,2025-08-30,CUST006,PRD010,7,20000,140000,84000,56000
TRX-202508-0858,2025-08-30,CUST006,PRD001,5,175000,875000,600000,275000
TRX-202508-0859,2025-08-30,CUST008,PRD011,6,35000,210000,132000,78000
TRX-202508-0859,2025-08-30,CUST008,PRD002,2,70000,140000,90000,50000
TRX-202508-0860,2025-08-30,CUST001,PRD001,1,175000,175000,120000,55000
TRX-202508-0861,2025-08-30,CUST003,PRD006,7,110000,770000,525000,245000
TRX-202508-0862,2025-08-31,CUST006,PRD010,7,20000,140000,84000,56000
TRX-202508-0863,2025-08-31,CUST008,PRD002,4,70000,280000,180000,100000
TRX-202508-0863,2025-08-31,CUST008,PRD009,8,52000,416000,280000,136000
TRX-202508-0863,2025-08-31,CUST008,PRD011,8,35000,280000,176000,104000
TRX-202508-0864,2025-08-31,CUST005,PRD012,4,48000,192000,128000,64000
TRX-202508-0864,2025-08-31,CUST005,PRD008,2,40000,80000,56000,24000
TRX-202509-0865,2025-09-01,CUST005,PRD008,2,40000,80000,56000,24000
TRX-202509-0865,2025-09-01,CUST005,PRD011,3,35000,105000,66000,39000
TRX-202509-0865,2025-09-01,CUST005,PRD003,4,130000,520000,340000,180000
TRX-202509-0866,2025-09-01,CUST006,PRD008,4,40000,160000,112000,48000
TRX-202509-0866,2025-09-01,CUST006,PRD010,7,20000,140000,84000,56000
TRX-202509-0867,2025-09-01,CUST004,PRD005,7,105000,735000,490000,245000
TRX-202509-0868,2025-09-01,CUST003,PRD005,3,105000,315000,210000,105000
TRX-202509-0868,2025-09-01,CUST003,PRD010,8,20000,160000,96000,64000
TRX-202509-0868,2025-09-01,CUST003,PRD002,2,70000,140000,90000,50000
TRX-202509-0869,2025-09-02,CUST004,PRD004,3,105000,315000,210000,105000
TRX-202509-0869,2025-09-02,CUST004,PRD007,5,225000,1125000,900000,225000
TRX-202509-0870,2025-09-02,CUST008,PRD007,4,225000,900000,720000,180000
TRX-202509-0870,2025-09-02,CUST008,PRD002,2,70000,140000,90000,50000
TRX-202509-0870,2025-09-02,CUST008,PRD001,4,175000,700000,480000,220000
TRX-202509-0871,2025-09-02,CUST002,PRD001,5,175000,875000,600000,275000
TRX-202509-0872,2025-09-02,CUST004,PRD009,2,52000,104000,70000,34000
TRX-202509-0873,2025-09-02,CUST005,PRD010,7,20000,140000,84000,56000
TRX-202509-0874,2025-09-03,CUST003,PRD008,1,40000,40000,28000,12000
TRX-202509-0874,2025-09-03,CUST003,PRD003,8,130000,1040000,680000,360000
TRX-202509-0875,2025-09-03,CUST007,PRD001,5,175000,875000,600000,275000
TRX-202509-0875,2025-09-03,CUST007,PRD003,2,130000,260000,170000,90000
TRX-202509-0876,2025-09-03,CUST003,PRD001,8,175000,1400000,960000,440000
TRX-202509-0876,2025-09-03,CUST003,PRD010,1,20000,20000,12000,8000
TRX-202509-0876,2025-09-03,CUST003,PRD006,8,110000,880000,600000,280000
TRX-202509-0877,2025-09-04,CUST006,PRD011,2,35000,70000,44000,26000
TRX-202509-0877,2025-09-04,CUST006,PRD010,5,20000,100000,60000,40000
TRX-202509-0877,2025-09-04,CUST006,PRD008,1,40000,40000,28000,12000
TRX-202509-0878,2025-09-04,CUST003,PRD004,3,105000,315000,210000,105000
TRX-202509-0878,2025-09-04,CUST003,PRD011,6,35000,210000,132000,78000
TRX-202509-0879,2025-09-04,CUST008,PRD004,7,105000,735000,490000,245000
TRX-202509-0880,2025-09-04,CUST006,PRD012,2,48000,96000,64000,32000
TRX-202509-0881,2025-09-05,CUST007,PRD010,5,20000,100000,60000,40000
TRX-202509-0881,2025-09-05,CUST007,PRD006,2,110000,220000,150000,70000
TRX-202509-0882,2025-09-05,CUST001,PRD011,8,35000,280000,176000,104000
TRX-202509-0882,2025-09-05,CUST001,PRD003,3,130000,390000,255000,135000
TRX-202509-0883,2025-09-06,CUST002,PRD005,7,105000,735000,490000,245000
TRX-202509-0883,2025-09-06,CUST002,PRD003,2,130000,260000,170000,90000
TRX-202509-0883,2025-09-06,CUST002,PRD004,5,105000,525000,350000,175000
TRX-202509-0884,2025-09-06,CUST004,PRD008,6,40000,240000,168000,72000
TRX-202509-0885,2025-09-06,CUST004,PRD011,7,35000,245000,154000,91000
TRX-202509-0885,2025-09-06,CUST004,PRD007,2,225000,450000,360000,90000
TRX-202509-0885,2025-09-06,CUST004,PRD012,5,48000,240000,160000,80000
TRX-202509-0886,2025-09-07,CUST006,PRD006,8,110000,880000,600000,280000
TRX-202509-0886,2025-09-07,CUST006,PRD007,7,225000,1575000,1260000,315000
TRX-202509-0887,2025-09-07,CUST007,PRD001,1,175000,175000,120000,55000
TRX-202509-0887,2025-09-07,CUST007,PRD009,7,52000,364000,245000,119000
TRX-202509-0888,2025-09-07,CUST002,PRD010,5,20000,100000,60000,40000
TRX-202509-0889,2025-09-07,CUST004,PRD009,5,52000,260000,175000,85000
TRX-202509-0889,2025-09-07,CUST004,PRD006,1,110000,110000,75000,35000
TRX-202509-0889,2025-09-07,CUST004,PRD003,7,130000,910000,595000,315000
TRX-202509-0890,2025-09-08,CUST003,PRD012,4,48000,192000,128000,64000
TRX-202509-0890,2025-09-08,CUST003,PRD008,3,40000,120000,84000,36000
TRX-202509-0890,2025-09-08,CUST003,PRD003,5,130000,650000,425000,225000
TRX-202509-0891,2025-09-08,CUST005,PRD001,4,175000,700000,480000,220000
TRX-202509-0891,2025-09-08,CUST005,PRD008,2,40000,80000,56000,24000
TRX-202509-0891,2025-09-08,CUST005,PRD010,2,20000,40000,24000,16000
TRX-202509-0892,2025-09-08,CUST001,PRD010,2,20000,40000,24000,16000
TRX-202509-0893,2025-09-09,CUST003,PRD012,8,48000,384000,256000,128000
TRX-202509-0893,2025-09-09,CUST003,PRD009,8,52000,416000,280000,136000
TRX-202509-0893,2025-09-09,CUST003,PRD004,5,105000,525000,350000,175000
TRX-202509-0894,2025-09-09,CUST005,PRD002,6,70000,420000,270000,150000
TRX-202509-0894,2025-09-09,CUST005,PRD010,5,20000,100000,60000,40000
TRX-202509-0894,2025-09-09,CUST005,PRD008,7,40000,280000,196000,84000
TRX-202509-0895,2025-09-09,CUST007,PRD002,7,70000,490000,315000,175000
TRX-202509-0895,2025-09-09,CUST007,PRD008,3,40000,120000,84000,36000
TRX-202509-0895,2025-09-09,CUST007,PRD007,1,225000,225000,180000,45000
TRX-202509-0896,2025-09-10,CUST003,PRD003,6,130000,780000,510000,270000
TRX-202509-0896,2025-09-10,CUST003,PRD006,8,110000,880000,600000,280000
TRX-202509-0896,2025-09-10,CUST003,PRD010,3,20000,60000,36000,24000
TRX-202509-0897,2025-09-10,CUST005,PRD005,8,105000,840000,560000,280000
TRX-202509-0897,2025-09-10,CUST005,PRD007,7,225000,1575000,1260000,315000
TRX-202509-0897,2025-09-10,CUST005,PRD002,8,70000,560000,360000,200000
TRX-202509-0898,2025-09-11,CUST004,PRD003,7,130000,910000,595000,315000
TRX-202509-0899,2025-09-11,CUST007,PRD001,5,175000,875000,600000,275000
TRX-202509-0900,2025-09-11,CUST002,PRD012,2,48000,96000,64000,32000
TRX-202509-0901,2025-09-12,CUST002,PRD001,3,175000,525000,360000,165000
TRX-202509-0902,2025-09-12,CUST001,PRD007,2,225000,450000,360000,90000
TRX-202509-0902,2025-09-12,CUST001,PRD010,6,20000,120000,72000,48000
TRX-202509-0903,2025-09-13,CUST004,PRD010,6,20000,120000,72000,48000
TRX-202509-0904,2025-09-13,CUST001,PRD005,5,105000,525000,350000,175000
TRX-202509-0905,2025-09-13,CUST007,PRD006,5,110000,550000,375000,175000
TRX-202509-0905,2025-09-13,CUST007,PRD002,2,70000,140000,90000,50000
TRX-202509-0905,2025-09-13,CUST007,PRD003,4,130000,520000,340000,180000
TRX-202509-0906,2025-09-13,CUST005,PRD010,2,20000,40000,24000,16000
TRX-202509-0906,2025-09-13,CUST005,PRD001,8,175000,1400000,960000,440000
TRX-202509-0907,2025-09-13,CUST005,PRD001,7,175000,1225000,840000,385000
TRX-202509-0907,2025-09-13,CUST005,PRD012,5,48000,240000,160000,80000
TRX-202509-0907,2025-09-13,CUST005,PRD006,4,110000,440000,300000,140000
TRX-202509-0908,2025-09-14,CUST008,PRD005,1,105000,105000,70000,35000
TRX-202509-0909,2025-09-14,CUST002,PRD008,4,40000,160000,112000,48000
TRX-202509-0910,2025-09-15,CUST006,PRD006,7,110000,770000,525000,245000
TRX-202509-0911,2025-09-15,CUST001,PRD004,2,105000,210000,140000,70000
TRX-202509-0912,2025-09-15,CUST001,PRD007,1,225000,225000,180000,45000
TRX-202509-0913,2025-09-15,CUST001,PRD004,1,105000,105000,70000,35000
TRX-202509-0913,2025-09-15,CUST001,PRD001,3,175000,525000,360000,165000
TRX-202509-0913,2025-09-15,CUST001,PRD002,8,70000,560000,360000,200000
TRX-202509-0914,2025-09-16,CUST004,PRD005,2,105000,210000,140000,70000
TRX-202509-0914,2025-09-16,CUST004,PRD006,1,110000,110000,75000,35000
TRX-202509-0914,2025-09-16,CUST004,PRD009,6,52000,312000,210000,102000
TRX-202509-0915,2025-09-16,CUST007,PRD010,2,20000,40000,24000,16000
TRX-202509-0915,2025-09-16,CUST007,PRD008,4,40000,160000,112000,48000
TRX-202509-0915,2025-09-16,CUST007,PRD005,3,105000,315000,210000,105000
TRX-202509-0916,2025-09-16,CUST004,PRD012,4,48000,192000,128000,64000
TRX-202509-0916,2025-09-16,CUST004,PRD009,2,52000,104000,70000,34000
TRX-202509-0917,2025-09-16,CUST006,PRD003,8,130000,1040000,680000,360000
TRX-202509-0917,2025-09-16,CUST006,PRD001,8,175000,1400000,960000,440000
TRX-202509-0917,2025-09-16,CUST006,PRD004,2,105000,210000,140000,70000
TRX-202509-0918,2025-09-17,CUST005,PRD004,7,105000,735000,490000,245000
TRX-202509-0918,2025-09-17,CUST005,PRD001,7,175000,1225000,840000,385000
TRX-202509-0918,2025-09-17,CUST005,PRD006,1,110000,110000,75000,35000
TRX-202509-0919,2025-09-17,CUST002,PRD007,8,225000,1800000,1440000,360000
TRX-202509-0919,2025-09-17,CUST002,PRD011,7,35000,245000,154000,91000
TRX-202509-0919,2025-09-17,CUST002,PRD005,5,105000,525000,350000,175000
TRX-202509-0920,2025-09-17,CUST003,PRD008,3,40000,120000,84000,36000
TRX-202509-0920,2025-09-17,CUST003,PRD004,1,105000,105000,70000,35000
TRX-202509-0921,2025-09-17,CUST005,PRD005,5,105000,525000,350000,175000
TRX-202509-0921,2025-09-17,CUST005,PRD002,6,70000,420000,270000,150000
TRX-202509-0921,2025-09-17,CUST005,PRD004,7,105000,735000,490000,245000
TRX-202509-0922,2025-09-18,CUST002,PRD003,5,130000,650000,425000,225000
TRX-202509-0922,2025-09-18,CUST002,PRD005,5,105000,525000,350000,175000
TRX-202509-0923,2025-09-18,CUST008,PRD004,3,105000,315000,210000,105000
TRX-202509-0924,2025-09-18,CUST003,PRD011,2,35000,70000,44000,26000
TRX-202509-0924,2025-09-18,CUST003,PRD001,1,175000,175000,120000,55000
TRX-202509-0924,2025-09-18,CUST003,PRD004,3,105000,315000,210000,105000
TRX-202509-0925,2025-09-18,CUST008,PRD006,4,110000,440000,300000,140000
TRX-202509-0925,2025-09-18,CUST008,PRD001,1,175000,175000,120000,55000
TRX-202509-0925,2025-09-18,CUST008,PRD009,5,52000,260000,175000,85000
TRX-202509-0926,2025-09-19,CUST006,PRD005,1,105000,105000,70000,35000
TRX-202509-0926,2025-09-19,CUST006,PRD010,3,20000,60000,36000,24000
TRX-202509-0927,2025-09-19,CUST006,PRD005,3,105000,315000,210000,105000
TRX-202509-0928,2025-09-19,CUST001,PRD010,4,20000,80000,48000,32000
TRX-202509-0929,2025-09-19,CUST006,PRD012,6,48000,288000,192000,96000
TRX-202509-0929,2025-09-19,CUST006,PRD009,4,52000,208000,140000,68000
TRX-202509-0929,2025-09-19,CUST006,PRD010,7,20000,140000,84000,56000
TRX-202509-0930,2025-09-19,CUST001,PRD012,2,48000,96000,64000,32000
TRX-202509-0930,2025-09-19,CUST001,PRD003,2,130000,260000,170000,90000
TRX-202509-0930,2025-09-19,CUST001,PRD007,4,225000,900000,720000,180000
TRX-202509-0931,2025-09-20,CUST004,PRD012,6,48000,288000,192000,96000
TRX-202509-0931,2025-09-20,CUST004,PRD007,2,225000,450000,360000,90000
TRX-202509-0932,2025-09-20,CUST006,PRD009,8,52000,416000,280000,136000
TRX-202509-0932,2025-09-20,CUST006,PRD002,4,70000,280000,180000,100000
TRX-202509-0932,2025-09-20,CUST006,PRD006,8,110000,880000,600000,280000
TRX-202509-0933,2025-09-21,CUST005,PRD012,3,48000,144000,96000,48000
TRX-202509-0933,2025-09-21,CUST005,PRD008,1,40000,40000,28000,12000
TRX-202509-0933,2025-09-21,CUST005,PRD002,7,70000,490000,315000,175000
TRX-202509-0934,2025-09-21,CUST001,PRD003,7,130000,910000,595000,315000
TRX-202509-0934,2025-09-21,CUST001,PRD002,7,70000,490000,315000,175000
TRX-202509-0934,2025-09-21,CUST001,PRD012,6,48000,288000,192000,96000
TRX-202509-0935,2025-09-21,CUST003,PRD012,4,48000,192000,128000,64000
TRX-202509-0935,2025-09-21,CUST003,PRD009,5,52000,260000,175000,85000
TRX-202509-0936,2025-09-21,CUST002,PRD006,2,110000,220000,150000,70000
TRX-202509-0936,2025-09-21,CUST002,PRD010,1,20000,20000,12000,8000
TRX-202509-0937,2025-09-21,CUST002,PRD006,8,110000,880000,600000,280000
TRX-202509-0937,2025-09-21,CUST002,PRD008,7,40000,280000,196000,84000
TRX-202509-0937,2025-09-21,CUST002,PRD007,5,225000,1125000,900000,225000
TRX-202509-0938,2025-09-22,CUST005,PRD007,3,225000,675000,540000,135000
TRX-202509-0938,2025-09-22,CUST005,PRD006,3,110000,330000,225000,105000
TRX-202509-0939,2025-09-22,CUST001,PRD012,5,48000,240000,160000,80000
TRX-202509-0939,2025-09-22,CUST001,PRD004,6,105000,630000,420000,210000
TRX-202509-0939,2025-09-22,CUST001,PRD007,2,225000,450000,360000,90000
TRX-202509-0940,2025-09-22,CUST006,PRD003,5,130000,650000,425000,225000
TRX-202509-0940,2025-09-22,CUST006,PRD002,5,70000,350000,225000,125000
TRX-202509-0941,2025-09-22,CUST008,PRD004,5,105000,525000,350000,175000
TRX-202509-0941,2025-09-22,CUST008,PRD003,5,130000,650000,425000,225000
TRX-202509-0942,2025-09-22,CUST002,PRD011,5,35000,175000,110000,65000
TRX-202509-0943,2025-09-23,CUST003,PRD012,2,48000,96000,64000,32000
TRX-202509-0943,2025-09-23,CUST003,PRD011,6,35000,210000,132000,78000
TRX-202509-0944,2025-09-23,CUST002,PRD004,3,105000,315000,210000,105000
TRX-202509-0944,2025-09-23,CUST002,PRD002,6,70000,420000,270000,150000
TRX-202509-0944,2025-09-23,CUST002,PRD006,5,110000,550000,375000,175000
TRX-202509-0945,2025-09-24,CUST004,PRD008,8,40000,320000,224000,96000
TRX-202509-0945,2025-09-24,CUST004,PRD003,3,130000,390000,255000,135000
TRX-202509-0946,2025-09-24,CUST008,PRD003,2,130000,260000,170000,90000
TRX-202509-0946,2025-09-24,CUST008,PRD004,4,105000,420000,280000,140000
TRX-202509-0947,2025-09-24,CUST001,PRD002,4,70000,280000,180000,100000
TRX-202509-0947,2025-09-24,CUST001,PRD008,3,40000,120000,84000,36000
TRX-202509-0948,2025-09-25,CUST007,PRD006,7,110000,770000,525000,245000
TRX-202509-0948,2025-09-25,CUST007,PRD004,2,105000,210000,140000,70000
TRX-202509-0949,2025-09-25,CUST003,PRD006,2,110000,220000,150000,70000
TRX-202509-0949,2025-09-25,CUST003,PRD011,6,35000,210000,132000,78000
TRX-202509-0950,2025-09-25,CUST007,PRD003,7,130000,910000,595000,315000
TRX-202509-0950,2025-09-25,CUST007,PRD008,4,40000,160000,112000,48000
TRX-202509-0950,2025-09-25,CUST007,PRD011,1,35000,35000,22000,13000
TRX-202509-0951,2025-09-25,CUST005,PRD009,7,52000,364000,245000,119000
TRX-202509-0951,2025-09-25,CUST005,PRD004,1,105000,105000,70000,35000
TRX-202509-0952,2025-09-26,CUST001,PRD001,6,175000,1050000,720000,330000
TRX-202509-0952,2025-09-26,CUST001,PRD007,6,225000,1350000,1080000,270000
TRX-202509-0952,2025-09-26,CUST001,PRD002,2,70000,140000,90000,50000
TRX-202509-0953,2025-09-26,CUST001,PRD004,4,105000,420000,280000,140000
TRX-202509-0953,2025-09-26,CUST001,PRD006,3,110000,330000,225000,105000
TRX-202509-0953,2025-09-26,CUST001,PRD009,7,52000,364000,245000,119000
TRX-202509-0954,2025-09-26,CUST004,PRD003,6,130000,780000,510000,270000
TRX-202509-0954,2025-09-26,CUST004,PRD006,7,110000,770000,525000,245000
TRX-202509-0955,2025-09-27,CUST002,PRD012,1,48000,48000,32000,16000
TRX-202509-0955,2025-09-27,CUST002,PRD007,3,225000,675000,540000,135000
TRX-202509-0955,2025-09-27,CUST002,PRD001,2,175000,350000,240000,110000
TRX-202509-0956,2025-09-27,CUST007,PRD010,5,20000,100000,60000,40000
TRX-202509-0957,2025-09-28,CUST002,PRD004,1,105000,105000,70000,35000
TRX-202509-0957,2025-09-28,CUST002,PRD010,7,20000,140000,84000,56000
TRX-202509-0958,2025-09-28,CUST004,PRD006,2,110000,220000,150000,70000
TRX-202509-0958,2025-09-28,CUST004,PRD008,5,40000,200000,140000,60000
TRX-202509-0959,2025-09-28,CUST006,PRD011,2,35000,70000,44000,26000
TRX-202509-0960,2025-09-28,CUST002,PRD003,4,130000,520000,340000,180000
TRX-202509-0960,2025-09-28,CUST002,PRD004,2,105000,210000,140000,70000
TRX-202509-0960,2025-09-28,CUST002,PRD008,3,40000,120000,84000,36000
TRX-202509-0961,2025-09-29,CUST006,PRD012,2,48000,96000,64000,32000
TRX-202509-0961,2025-09-29,CUST006,PRD008,2,40000,80000,56000,24000
TRX-202509-0962,2025-09-29,CUST007,PRD002,1,70000,70000,45000,25000
TRX-202509-0962,2025-09-29,CUST007,PRD007,3,225000,675000,540000,135000
TRX-202509-0962,2025-09-29,CUST007,PRD003,2,130000,260000,170000,90000
TRX-202509-0963,2025-09-29,CUST003,PRD008,2,40000,80000,56000,24000
TRX-202509-0964,2025-09-30,CUST005,PRD008,6,40000,240000,168000,72000
TRX-202509-0964,2025-09-30,CUST005,PRD004,3,105000,315000,210000,105000
TRX-202509-0965,2025-09-30,CUST003,PRD012,6,48000,288000,192000,96000
TRX-202509-0965,2025-09-30,CUST003,PRD008,7,40000,280000,196000,84000
TRX-202509-0965,2025-09-30,CUST003,PRD001,3,175000,525000,360000,165000
TRX-202509-0966,2025-09-30,CUST003,PRD002,5,70000,350000,225000,125000
TRX-202509-0966,2025-09-30,CUST003,PRD001,4,175000,700000,480000,220000
TRX-202509-0967,2025-09-30,CUST004,PRD002,6,70000,420000,270000,150000
TRX-202509-0967,2025-09-30,CUST004,PRD009,2,52000,104000,70000,34000
TRX-202509-0967,2025-09-30,CUST004,PRD008,1,40000,40000,28000,12000
TRX-202510-0968,2025-10-01,CUST005,PRD005,2,105000,210000,140000,70000
TRX-202510-0969,2025-10-01,CUST003,PRD010,6,20000,120000,72000,48000
TRX-202510-0969,2025-10-01,CUST003,PRD011,5,35000,175000,110000,65000
TRX-202510-0969,2025-10-01,CUST003,PRD007,8,225000,1800000,1440000,360000
TRX-202510-0970,2025-10-01,CUST004,PRD001,4,175000,700000,480000,220000
TRX-202510-0971,2025-10-02,CUST002,PRD004,3,105000,315000,210000,105000
TRX-202510-0971,2025-10-02,CUST002,PRD003,7,130000,910000,595000,315000
TRX-202510-0971,2025-10-02,CUST002,PRD005,8,105000,840000,560000,280000
TRX-202510-0972,2025-10-02,CUST008,PRD005,7,105000,735000,490000,245000
TRX-202510-0972,2025-10-02,CUST008,PRD011,6,35000,210000,132000,78000
TRX-202510-0972,2025-10-02,CUST008,PRD002,3,70000,210000,135000,75000
TRX-202510-0973,2025-10-02,CUST001,PRD008,6,40000,240000,168000,72000
TRX-202510-0973,2025-10-02,CUST001,PRD011,7,35000,245000,154000,91000
TRX-202510-0974,2025-10-02,CUST004,PRD009,6,52000,312000,210000,102000
TRX-202510-0974,2025-10-02,CUST004,PRD004,3,105000,315000,210000,105000
TRX-202510-0974,2025-10-02,CUST004,PRD007,1,225000,225000,180000,45000
TRX-202510-0975,2025-10-03,CUST008,PRD011,3,35000,105000,66000,39000
TRX-202510-0975,2025-10-03,CUST008,PRD008,8,40000,320000,224000,96000
TRX-202510-0975,2025-10-03,CUST008,PRD012,2,48000,96000,64000,32000
TRX-202510-0976,2025-10-03,CUST001,PRD001,3,175000,525000,360000,165000
TRX-202510-0976,2025-10-03,CUST001,PRD010,3,20000,60000,36000,24000
TRX-202510-0977,2025-10-04,CUST002,PRD009,3,52000,156000,105000,51000
TRX-202510-0978,2025-10-04,CUST005,PRD003,8,130000,1040000,680000,360000
TRX-202510-0979,2025-10-05,CUST003,PRD004,6,105000,630000,420000,210000
TRX-202510-0980,2025-10-05,CUST008,PRD012,4,48000,192000,128000,64000
TRX-202510-0981,2025-10-06,CUST006,PRD006,8,110000,880000,600000,280000
TRX-202510-0981,2025-10-06,CUST006,PRD012,3,48000,144000,96000,48000
TRX-202510-0981,2025-10-06,CUST006,PRD009,1,52000,52000,35000,17000
TRX-202510-0982,2025-10-06,CUST007,PRD009,4,52000,208000,140000,68000
TRX-202510-0983,2025-10-06,CUST007,PRD011,5,35000,175000,110000,65000
TRX-202510-0983,2025-10-06,CUST007,PRD012,4,48000,192000,128000,64000
TRX-202510-0984,2025-10-06,CUST006,PRD009,2,52000,104000,70000,34000
TRX-202510-0984,2025-10-06,CUST006,PRD012,4,48000,192000,128000,64000
TRX-202510-0984,2025-10-06,CUST006,PRD005,5,105000,525000,350000,175000
TRX-202510-0985,2025-10-06,CUST004,PRD005,2,105000,210000,140000,70000
TRX-202510-0985,2025-10-06,CUST004,PRD001,3,175000,525000,360000,165000
TRX-202510-0986,2025-10-07,CUST008,PRD008,7,40000,280000,196000,84000
TRX-202510-0986,2025-10-07,CUST008,PRD010,7,20000,140000,84000,56000
TRX-202510-0986,2025-10-07,CUST008,PRD011,8,35000,280000,176000,104000
TRX-202510-0987,2025-10-07,CUST004,PRD012,6,48000,288000,192000,96000
TRX-202510-0987,2025-10-07,CUST004,PRD006,8,110000,880000,600000,280000
TRX-202510-0988,2025-10-08,CUST002,PRD003,8,130000,1040000,680000,360000
TRX-202510-0988,2025-10-08,CUST002,PRD006,7,110000,770000,525000,245000
TRX-202510-0989,2025-10-08,CUST003,PRD001,3,175000,525000,360000,165000
TRX-202510-0989,2025-10-08,CUST003,PRD011,4,35000,140000,88000,52000
TRX-202510-0990,2025-10-09,CUST003,PRD006,7,110000,770000,525000,245000
TRX-202510-0990,2025-10-09,CUST003,PRD005,7,105000,735000,490000,245000
TRX-202510-0991,2025-10-09,CUST002,PRD008,1,40000,40000,28000,12000
TRX-202510-0991,2025-10-09,CUST002,PRD011,4,35000,140000,88000,52000
TRX-202510-0992,2025-10-09,CUST003,PRD006,6,110000,660000,450000,210000
TRX-202510-0993,2025-10-09,CUST006,PRD001,7,175000,1225000,840000,385000
TRX-202510-0993,2025-10-09,CUST006,PRD010,2,20000,40000,24000,16000
TRX-202510-0993,2025-10-09,CUST006,PRD011,4,35000,140000,88000,52000
TRX-202510-0994,2025-10-10,CUST001,PRD006,3,110000,330000,225000,105000
TRX-202510-0995,2025-10-10,CUST007,PRD008,7,40000,280000,196000,84000
TRX-202510-0995,2025-10-10,CUST007,PRD001,7,175000,1225000,840000,385000
TRX-202510-0995,2025-10-10,CUST007,PRD012,1,48000,48000,32000,16000
TRX-202510-0996,2025-10-10,CUST005,PRD005,2,105000,210000,140000,70000
TRX-202510-0996,2025-10-10,CUST005,PRD011,8,35000,280000,176000,104000
TRX-202510-0997,2025-10-10,CUST006,PRD012,6,48000,288000,192000,96000
TRX-202510-0997,2025-10-10,CUST006,PRD006,2,110000,220000,150000,70000
TRX-202510-0998,2025-10-10,CUST003,PRD009,2,52000,104000,70000,34000
TRX-202510-0998,2025-10-10,CUST003,PRD007,3,225000,675000,540000,135000
TRX-202510-0999,2025-10-11,CUST005,PRD007,8,225000,1800000,1440000,360000
TRX-202510-0999,2025-10-11,CUST005,PRD001,6,175000,1050000,720000,330000
TRX-202510-1000,2025-10-11,CUST005,PRD001,6,175000,1050000,720000,330000
TRX-202510-1000,2025-10-11,CUST005,PRD010,1,20000,20000,12000,8000
TRX-202510-1000,2025-10-11,CUST005,PRD002,7,70000,490000,315000,175000
TRX-202510-1001,2025-10-11,CUST004,PRD002,2,70000,140000,90000,50000
TRX-202510-1002,2025-10-12,CUST007,PRD001,5,175000,875000,600000,275000
TRX-202510-1002,2025-10-12,CUST007,PRD003,2,130000,260000,170000,90000
TRX-202510-1003,2025-10-12,CUST007,PRD004,5,105000,525000,350000,175000
TRX-202510-1004,2025-10-12,CUST005,PRD009,1,52000,52000,35000,17000
TRX-202510-1004,2025-10-12,CUST005,PRD012,6,48000,288000,192000,96000
TRX-202510-1004,2025-10-12,CUST005,PRD004,8,105000,840000,560000,280000
TRX-202510-1005,2025-10-12,CUST004,PRD005,5,105000,525000,350000,175000
TRX-202510-1005,2025-10-12,CUST004,PRD003,1,130000,130000,85000,45000
TRX-202510-1006,2025-10-13,CUST007,PRD009,6,52000,312000,210000,102000
TRX-202510-1006,2025-10-13,CUST007,PRD001,6,175000,1050000,720000,330000
TRX-202510-1007,2025-10-13,CUST006,PRD008,8,40000,320000,224000,96000
TRX-202510-1007,2025-10-13,CUST006,PRD003,8,130000,1040000,680000,360000
TRX-202510-1008,2025-10-13,CUST004,PRD012,5,48000,240000,160000,80000
TRX-202510-1008,2025-10-13,CUST004,PRD003,7,130000,910000,595000,315000
TRX-202510-1008,2025-10-13,CUST004,PRD007,1,225000,225000,180000,45000
TRX-202510-1009,2025-10-13,CUST002,PRD008,2,40000,80000,56000,24000
TRX-202510-1009,2025-10-13,CUST002,PRD009,4,52000,208000,140000,68000
TRX-202510-1009,2025-10-13,CUST002,PRD006,6,110000,660000,450000,210000
TRX-202510-1010,2025-10-14,CUST004,PRD010,5,20000,100000,60000,40000
TRX-202510-1011,2025-10-14,CUST003,PRD012,7,48000,336000,224000,112000
TRX-202510-1012,2025-10-14,CUST007,PRD004,5,105000,525000,350000,175000
TRX-202510-1012,2025-10-14,CUST007,PRD007,6,225000,1350000,1080000,270000
TRX-202510-1013,2025-10-15,CUST007,PRD011,7,35000,245000,154000,91000
TRX-202510-1013,2025-10-15,CUST007,PRD007,4,225000,900000,720000,180000
TRX-202510-1013,2025-10-15,CUST007,PRD012,1,48000,48000,32000,16000
TRX-202510-1014,2025-10-15,CUST004,PRD010,2,20000,40000,24000,16000
TRX-202510-1015,2025-10-16,CUST003,PRD002,4,70000,280000,180000,100000
TRX-202510-1015,2025-10-16,CUST003,PRD001,8,175000,1400000,960000,440000
TRX-202510-1016,2025-10-16,CUST008,PRD011,8,35000,280000,176000,104000
TRX-202510-1017,2025-10-16,CUST004,PRD008,2,40000,80000,56000,24000
TRX-202510-1018,2025-10-16,CUST006,PRD004,8,105000,840000,560000,280000
TRX-202510-1019,2025-10-17,CUST006,PRD012,8,48000,384000,256000,128000
TRX-202510-1019,2025-10-17,CUST006,PRD009,7,52000,364000,245000,119000
TRX-202510-1020,2025-10-17,CUST002,PRD003,5,130000,650000,425000,225000
TRX-202510-1021,2025-10-18,CUST005,PRD005,3,105000,315000,210000,105000
TRX-202510-1021,2025-10-18,CUST005,PRD010,3,20000,60000,36000,24000
TRX-202510-1021,2025-10-18,CUST005,PRD001,5,175000,875000,600000,275000
TRX-202510-1022,2025-10-18,CUST001,PRD006,6,110000,660000,450000,210000
TRX-202510-1023,2025-10-18,CUST005,PRD012,5,48000,240000,160000,80000
TRX-202510-1023,2025-10-18,CUST005,PRD003,8,130000,1040000,680000,360000
TRX-202510-1024,2025-10-18,CUST008,PRD005,3,105000,315000,210000,105000
TRX-202510-1024,2025-10-18,CUST008,PRD003,5,130000,650000,425000,225000
TRX-202510-1024,2025-10-18,CUST008,PRD011,7,35000,245000,154000,91000
TRX-202510-1025,2025-10-18,CUST005,PRD004,5,105000,525000,350000,175000
TRX-202510-1025,2025-10-18,CUST005,PRD001,3,175000,525000,360000,165000
TRX-202510-1025,2025-10-18,CUST005,PRD012,1,48000,48000,32000,16000
TRX-202510-1026,2025-10-19,CUST006,PRD005,4,105000,420000,280000,140000
TRX-202510-1027,2025-10-19,CUST004,PRD005,2,105000,210000,140000,70000
TRX-202510-1028,2025-10-20,CUST008,PRD009,5,52000,260000,175000,85000
TRX-202510-1028,2025-10-20,CUST008,PRD004,3,105000,315000,210000,105000
TRX-202510-1028,2025-10-20,CUST008,PRD011,4,35000,140000,88000,52000
TRX-202510-1029,2025-10-20,CUST004,PRD012,1,48000,48000,32000,16000
TRX-202510-1029,2025-10-20,CUST004,PRD008,5,40000,200000,140000,60000
TRX-202510-1029,2025-10-20,CUST004,PRD003,5,130000,650000,425000,225000
TRX-202510-1030,2025-10-21,CUST004,PRD008,1,40000,40000,28000,12000
TRX-202510-1030,2025-10-21,CUST004,PRD005,7,105000,735000,490000,245000
TRX-202510-1030,2025-10-21,CUST004,PRD010,2,20000,40000,24000,16000
TRX-202510-1031,2025-10-21,CUST008,PRD004,8,105000,840000,560000,280000
TRX-202510-1031,2025-10-21,CUST008,PRD010,1,20000,20000,12000,8000
TRX-202510-1031,2025-10-21,CUST008,PRD011,5,35000,175000,110000,65000
TRX-202510-1032,2025-10-22,CUST003,PRD007,5,225000,1125000,900000,225000
TRX-202510-1033,2025-10-22,CUST002,PRD006,3,110000,330000,225000,105000
TRX-202510-1033,2025-10-22,CUST002,PRD011,4,35000,140000,88000,52000
TRX-202510-1034,2025-10-22,CUST002,PRD004,5,105000,525000,350000,175000
TRX-202510-1035,2025-10-23,CUST004,PRD008,6,40000,240000,168000,72000
TRX-202510-1035,2025-10-23,CUST004,PRD005,3,105000,315000,210000,105000
TRX-202510-1036,2025-10-23,CUST005,PRD012,6,48000,288000,192000,96000
TRX-202510-1036,2025-10-23,CUST005,PRD006,8,110000,880000,600000,280000
TRX-202510-1037,2025-10-23,CUST005,PRD010,7,20000,140000,84000,56000
TRX-202510-1037,2025-10-23,CUST005,PRD007,1,225000,225000,180000,45000
TRX-202510-1038,2025-10-23,CUST007,PRD007,6,225000,1350000,1080000,270000
TRX-202510-1039,2025-10-24,CUST008,PRD011,7,35000,245000,154000,91000
TRX-202510-1040,2025-10-24,CUST008,PRD005,7,105000,735000,490000,245000
TRX-202510-1041,2025-10-24,CUST001,PRD001,6,175000,1050000,720000,330000
TRX-202510-1042,2025-10-24,CUST005,PRD006,2,110000,220000,150000,70000
TRX-202510-1042,2025-10-24,CUST005,PRD008,8,40000,320000,224000,96000
TRX-202510-1042,2025-10-24,CUST005,PRD005,3,105000,315000,210000,105000
TRX-202510-1043,2025-10-24,CUST002,PRD012,3,48000,144000,96000,48000
TRX-202510-1043,2025-10-24,CUST002,PRD007,3,225000,675000,540000,135000
TRX-202510-1044,2025-10-25,CUST004,PRD006,4,110000,440000,300000,140000
TRX-202510-1044,2025-10-25,CUST004,PRD012,5,48000,240000,160000,80000
TRX-202510-1045,2025-10-25,CUST005,PRD012,2,48000,96000,64000,32000
TRX-202510-1045,2025-10-25,CUST005,PRD001,7,175000,1225000,840000,385000
TRX-202510-1045,2025-10-25,CUST005,PRD003,7,130000,910000,595000,315000
TRX-202510-1046,2025-10-25,CUST007,PRD001,1,175000,175000,120000,55000
TRX-202510-1046,2025-10-25,CUST007,PRD009,6,52000,312000,210000,102000
TRX-202510-1047,2025-10-25,CUST001,PRD007,6,225000,1350000,1080000,270000
TRX-202510-1047,2025-10-25,CUST001,PRD001,8,175000,1400000,960000,440000
TRX-202510-1047,2025-10-25,CUST001,PRD009,5,52000,260000,175000,85000
TRX-202510-1048,2025-10-25,CUST006,PRD002,2,70000,140000,90000,50000
TRX-202510-1048,2025-10-25,CUST006,PRD012,2,48000,96000,64000,32000
TRX-202510-1048,2025-10-25,CUST006,PRD010,3,20000,60000,36000,24000
TRX-202510-1049,2025-10-26,CUST005,PRD010,7,20000,140000,84000,56000
TRX-202510-1050,2025-10-26,CUST001,PRD004,6,105000,630000,420000,210000
TRX-202510-1051,2025-10-26,CUST007,PRD005,4,105000,420000,280000,140000
TRX-202510-1052,2025-10-26,CUST006,PRD008,6,40000,240000,168000,72000
TRX-202510-1052,2025-10-26,CUST006,PRD011,3,35000,105000,66000,39000
TRX-202510-1052,2025-10-26,CUST006,PRD004,4,105000,420000,280000,140000
TRX-202510-1053,2025-10-26,CUST003,PRD005,3,105000,315000,210000,105000
TRX-202510-1054,2025-10-27,CUST007,PRD008,8,40000,320000,224000,96000
TRX-202510-1055,2025-10-27,CUST007,PRD004,7,105000,735000,490000,245000
TRX-202510-1056,2025-10-27,CUST002,PRD003,2,130000,260000,170000,90000
TRX-202510-1057,2025-10-28,CUST005,PRD012,2,48000,96000,64000,32000
TRX-202510-1058,2025-10-28,CUST007,PRD001,6,175000,1050000,720000,330000
TRX-202510-1058,2025-10-28,CUST007,PRD005,1,105000,105000,70000,35000
TRX-202510-1059,2025-10-28,CUST003,PRD003,1,130000,130000,85000,45000
TRX-202510-1060,2025-10-28,CUST003,PRD003,1,130000,130000,85000,45000
TRX-202510-1060,2025-10-28,CUST003,PRD012,1,48000,48000,32000,16000
TRX-202510-1060,2025-10-28,CUST003,PRD008,4,40000,160000,112000,48000
TRX-202510-1061,2025-10-28,CUST005,PRD010,3,20000,60000,36000,24000
TRX-202510-1061,2025-10-28,CUST005,PRD007,7,225000,1575000,1260000,315000
TRX-202510-1062,2025-10-29,CUST007,PRD009,7,52000,364000,245000,119000
TRX-202510-1063,2025-10-29,CUST003,PRD002,1,70000,70000,45000,25000
TRX-202510-1064,2025-10-29,CUST006,PRD002,7,70000,490000,315000,175000
TRX-202510-1065,2025-10-30,CUST003,PRD009,3,52000,156000,105000,51000
TRX-202510-1066,2025-10-30,CUST003,PRD011,2,35000,70000,44000,26000
TRX-202510-1067,2025-10-30,CUST002,PRD007,2,225000,450000,360000,90000
TRX-202510-1067,2025-10-30,CUST002,PRD005,4,105000,420000,280000,140000
TRX-202510-1067,2025-10-30,CUST002,PRD010,4,20000,80000,48000,32000
TRX-202510-1068,2025-10-31,CUST003,PRD001,7,175000,1225000,840000,385000
TRX-202510-1068,2025-10-31,CUST003,PRD004,6,105000,630000,420000,210000
TRX-202510-1068,2025-10-31,CUST003,PRD003,1,130000,130000,85000,45000
TRX-202510-1069,2025-10-31,CUST008,PRD006,7,110000,770000,525000,245000
TRX-202510-1069,2025-10-31,CUST008,PRD004,8,105000,840000,560000,280000
TRX-202511-1070,2025-11-01,CUST002,PRD008,2,40000,80000,56000,24000
TRX-202511-1071,2025-11-01,CUST002,PRD012,6,48000,288000,192000,96000
TRX-202511-1071,2025-11-01,CUST002,PRD005,5,105000,525000,350000,175000
TRX-202511-1071,2025-11-01,CUST002,PRD003,8,130000,1040000,680000,360000
TRX-202511-1072,2025-11-01,CUST007,PRD002,7,70000,490000,315000,175000
TRX-202511-1072,2025-11-01,CUST007,PRD009,4,52000,208000,140000,68000
TRX-202511-1072,2025-11-01,CUST007,PRD003,3,130000,390000,255000,135000
TRX-202511-1073,2025-11-02,CUST007,PRD005,1,105000,105000,70000,35000
TRX-202511-1074,2025-11-02,CUST007,PRD007,7,225000,1575000,1260000,315000
TRX-202511-1074,2025-11-02,CUST007,PRD009,8,52000,416000,280000,136000
TRX-202511-1075,2025-11-02,CUST008,PRD003,1,130000,130000,85000,45000
TRX-202511-1075,2025-11-02,CUST008,PRD005,2,105000,210000,140000,70000
TRX-202511-1076,2025-11-03,CUST002,PRD012,4,48000,192000,128000,64000
TRX-202511-1076,2025-11-03,CUST002,PRD010,8,20000,160000,96000,64000
TRX-202511-1076,2025-11-03,CUST002,PRD003,3,130000,390000,255000,135000
TRX-202511-1077,2025-11-03,CUST005,PRD001,2,175000,350000,240000,110000
TRX-202511-1077,2025-11-03,CUST005,PRD011,5,35000,175000,110000,65000
TRX-202511-1078,2025-11-03,CUST002,PRD010,8,20000,160000,96000,64000
TRX-202511-1078,2025-11-03,CUST002,PRD008,5,40000,200000,140000,60000
TRX-202511-1078,2025-11-03,CUST002,PRD004,2,105000,210000,140000,70000
TRX-202511-1079,2025-11-03,CUST008,PRD002,6,70000,420000,270000,150000
TRX-202511-1080,2025-11-03,CUST005,PRD007,5,225000,1125000,900000,225000
TRX-202511-1081,2025-11-04,CUST005,PRD011,6,35000,210000,132000,78000
TRX-202511-1081,2025-11-04,CUST005,PRD009,7,52000,364000,245000,119000
TRX-202511-1082,2025-11-04,CUST005,PRD002,2,70000,140000,90000,50000
TRX-202511-1082,2025-11-04,CUST005,PRD001,8,175000,1400000,960000,440000
TRX-202511-1083,2025-11-04,CUST004,PRD008,7,40000,280000,196000,84000
TRX-202511-1083,2025-11-04,CUST004,PRD004,5,105000,525000,350000,175000
TRX-202511-1083,2025-11-04,CUST004,PRD010,2,20000,40000,24000,16000
TRX-202511-1084,2025-11-04,CUST008,PRD010,7,20000,140000,84000,56000
TRX-202511-1084,2025-11-04,CUST008,PRD012,1,48000,48000,32000,16000
TRX-202511-1084,2025-11-04,CUST008,PRD007,2,225000,450000,360000,90000
TRX-202511-1085,2025-11-05,CUST001,PRD010,3,20000,60000,36000,24000
TRX-202511-1086,2025-11-05,CUST001,PRD006,7,110000,770000,525000,245000
TRX-202511-1086,2025-11-05,CUST001,PRD002,1,70000,70000,45000,25000
TRX-202511-1086,2025-11-05,CUST001,PRD005,8,105000,840000,560000,280000
TRX-202511-1087,2025-11-05,CUST005,PRD011,6,35000,210000,132000,78000
TRX-202511-1087,2025-11-05,CUST005,PRD006,4,110000,440000,300000,140000
TRX-202511-1088,2025-11-05,CUST005,PRD001,8,175000,1400000,960000,440000
TRX-202511-1088,2025-11-05,CUST005,PRD006,5,110000,550000,375000,175000
TRX-202511-1089,2025-11-05,CUST003,PRD009,6,52000,312000,210000,102000
TRX-202511-1090,2025-11-06,CUST008,PRD003,6,130000,780000,510000,270000
TRX-202511-1090,2025-11-06,CUST008,PRD012,1,48000,48000,32000,16000
TRX-202511-1091,2025-11-06,CUST002,PRD010,5,20000,100000,60000,40000
TRX-202511-1092,2025-11-06,CUST005,PRD009,2,52000,104000,70000,34000
TRX-202511-1092,2025-11-06,CUST005,PRD003,4,130000,520000,340000,180000
TRX-202511-1092,2025-11-06,CUST005,PRD007,2,225000,450000,360000,90000
TRX-202511-1093,2025-11-06,CUST002,PRD010,5,20000,100000,60000,40000
TRX-202511-1093,2025-11-06,CUST002,PRD011,3,35000,105000,66000,39000
TRX-202511-1093,2025-11-06,CUST002,PRD007,6,225000,1350000,1080000,270000
TRX-202511-1094,2025-11-07,CUST004,PRD001,5,175000,875000,600000,275000
TRX-202511-1095,2025-11-07,CUST004,PRD010,8,20000,160000,96000,64000
TRX-202511-1096,2025-11-07,CUST008,PRD009,4,52000,208000,140000,68000
TRX-202511-1096,2025-11-07,CUST008,PRD012,7,48000,336000,224000,112000
TRX-202511-1097,2025-11-07,CUST003,PRD010,7,20000,140000,84000,56000
TRX-202511-1097,2025-11-07,CUST003,PRD007,5,225000,1125000,900000,225000
TRX-202511-1097,2025-11-07,CUST003,PRD012,6,48000,288000,192000,96000
TRX-202511-1098,2025-11-07,CUST005,PRD006,4,110000,440000,300000,140000
TRX-202511-1098,2025-11-07,CUST005,PRD012,6,48000,288000,192000,96000
TRX-202511-1099,2025-11-08,CUST008,PRD010,2,20000,40000,24000,16000
TRX-202511-1099,2025-11-08,CUST008,PRD007,3,225000,675000,540000,135000
TRX-202511-1100,2025-11-08,CUST001,PRD008,6,40000,240000,168000,72000
TRX-202511-1100,2025-11-08,CUST001,PRD009,8,52000,416000,280000,136000
TRX-202511-1100,2025-11-08,CUST001,PRD001,3,175000,525000,360000,165000
TRX-202511-1101,2025-11-08,CUST002,PRD006,5,110000,550000,375000,175000
TRX-202511-1101,2025-11-08,CUST002,PRD002,1,70000,70000,45000,25000
TRX-202511-1101,2025-11-08,CUST002,PRD005,8,105000,840000,560000,280000
TRX-202511-1102,2025-11-08,CUST007,PRD003,8,130000,1040000,680000,360000
TRX-202511-1102,2025-11-08,CUST007,PRD007,5,225000,1125000,900000,225000
TRX-202511-1102,2025-11-08,CUST007,PRD004,5,105000,525000,350000,175000
TRX-202511-1103,2025-11-08,CUST006,PRD010,7,20000,140000,84000,56000
TRX-202511-1104,2025-11-09,CUST002,PRD007,7,225000,1575000,1260000,315000
TRX-202511-1105,2025-11-09,CUST007,PRD012,3,48000,144000,96000,48000
TRX-202511-1105,2025-11-09,CUST007,PRD008,6,40000,240000,168000,72000
TRX-202511-1106,2025-11-09,CUST003,PRD005,6,105000,630000,420000,210000
TRX-202511-1107,2025-11-09,CUST003,PRD007,2,225000,450000,360000,90000
TRX-202511-1107,2025-11-09,CUST003,PRD005,3,105000,315000,210000,105000
TRX-202511-1107,2025-11-09,CUST003,PRD008,5,40000,200000,140000,60000
TRX-202511-1108,2025-11-10,CUST003,PRD011,8,35000,280000,176000,104000
TRX-202511-1109,2025-11-10,CUST003,PRD004,3,105000,315000,210000,105000
TRX-202511-1109,2025-11-10,CUST003,PRD006,6,110000,660000,450000,210000
TRX-202511-1109,2025-11-10,CUST003,PRD002,3,70000,210000,135000,75000
TRX-202511-1110,2025-11-11,CUST008,PRD011,2,35000,70000,44000,26000
TRX-202511-1111,2025-11-11,CUST006,PRD006,3,110000,330000,225000,105000
TRX-202511-1112,2025-11-11,CUST004,PRD004,1,105000,105000,70000,35000
TRX-202511-1112,2025-11-11,CUST004,PRD007,6,225000,1350000,1080000,270000
TRX-202511-1113,2025-11-11,CUST001,PRD011,2,35000,70000,44000,26000
TRX-202511-1113,2025-11-11,CUST001,PRD010,2,20000,40000,24000,16000
TRX-202511-1114,2025-11-11,CUST006,PRD010,7,20000,140000,84000,56000
TRX-202511-1114,2025-11-11,CUST006,PRD012,4,48000,192000,128000,64000
TRX-202511-1114,2025-11-11,CUST006,PRD009,5,52000,260000,175000,85000
TRX-202511-1115,2025-11-12,CUST006,PRD001,1,175000,175000,120000,55000
TRX-202511-1115,2025-11-12,CUST006,PRD009,5,52000,260000,175000,85000
TRX-202511-1115,2025-11-12,CUST006,PRD012,7,48000,336000,224000,112000
TRX-202511-1116,2025-11-12,CUST004,PRD009,7,52000,364000,245000,119000
TRX-202511-1116,2025-11-12,CUST004,PRD001,3,175000,525000,360000,165000
TRX-202511-1117,2025-11-12,CUST006,PRD012,2,48000,96000,64000,32000
TRX-202511-1117,2025-11-12,CUST006,PRD001,8,175000,1400000,960000,440000
TRX-202511-1117,2025-11-12,CUST006,PRD004,3,105000,315000,210000,105000
TRX-202511-1118,2025-11-13,CUST001,PRD003,4,130000,520000,340000,180000
TRX-202511-1119,2025-11-13,CUST005,PRD011,5,35000,175000,110000,65000
TRX-202511-1119,2025-11-13,CUST005,PRD010,4,20000,80000,48000,32000
TRX-202511-1120,2025-11-13,CUST005,PRD012,7,48000,336000,224000,112000
TRX-202511-1120,2025-11-13,CUST005,PRD001,7,175000,1225000,840000,385000
TRX-202511-1121,2025-11-13,CUST007,PRD004,5,105000,525000,350000,175000
TRX-202511-1121,2025-11-13,CUST007,PRD008,1,40000,40000,28000,12000
TRX-202511-1122,2025-11-13,CUST007,PRD012,8,48000,384000,256000,128000
TRX-202511-1123,2025-11-14,CUST002,PRD008,1,40000,40000,28000,12000
TRX-202511-1123,2025-11-14,CUST002,PRD004,8,105000,840000,560000,280000
TRX-202511-1123,2025-11-14,CUST002,PRD003,8,130000,1040000,680000,360000
TRX-202511-1124,2025-11-14,CUST002,PRD004,1,105000,105000,70000,35000
TRX-202511-1125,2025-11-14,CUST007,PRD002,2,70000,140000,90000,50000
TRX-202511-1126,2025-11-15,CUST003,PRD009,4,52000,208000,140000,68000
TRX-202511-1126,2025-11-15,CUST003,PRD002,3,70000,210000,135000,75000
TRX-202511-1127,2025-11-15,CUST004,PRD011,1,35000,35000,22000,13000
TRX-202511-1127,2025-11-15,CUST004,PRD008,8,40000,320000,224000,96000
TRX-202511-1128,2025-11-15,CUST002,PRD010,5,20000,100000,60000,40000
TRX-202511-1129,2025-11-15,CUST003,PRD009,6,52000,312000,210000,102000
TRX-202511-1130,2025-11-15,CUST001,PRD011,2,35000,70000,44000,26000
TRX-202511-1131,2025-11-16,CUST007,PRD011,7,35000,245000,154000,91000
TRX-202511-1131,2025-11-16,CUST007,PRD010,8,20000,160000,96000,64000
TRX-202511-1132,2025-11-16,CUST004,PRD008,6,40000,240000,168000,72000
TRX-202511-1132,2025-11-16,CUST004,PRD010,8,20000,160000,96000,64000
TRX-202511-1132,2025-11-16,CUST004,PRD005,8,105000,840000,560000,280000
TRX-202511-1133,2025-11-16,CUST003,PRD009,4,52000,208000,140000,68000
TRX-202511-1133,2025-11-16,CUST003,PRD006,3,110000,330000,225000,105000
TRX-202511-1134,2025-11-16,CUST005,PRD012,5,48000,240000,160000,80000
TRX-202511-1134,2025-11-16,CUST005,PRD003,3,130000,390000,255000,135000
TRX-202511-1134,2025-11-16,CUST005,PRD007,6,225000,1350000,1080000,270000
TRX-202511-1135,2025-11-16,CUST001,PRD005,1,105000,105000,70000,35000
TRX-202511-1135,2025-11-16,CUST001,PRD003,8,130000,1040000,680000,360000
TRX-202511-1136,2025-11-17,CUST006,PRD009,6,52000,312000,210000,102000
TRX-202511-1136,2025-11-17,CUST006,PRD007,5,225000,1125000,900000,225000
TRX-202511-1137,2025-11-17,CUST004,PRD003,2,130000,260000,170000,90000
TRX-202511-1137,2025-11-17,CUST004,PRD008,8,40000,320000,224000,96000
TRX-202511-1138,2025-11-17,CUST005,PRD007,4,225000,900000,720000,180000
TRX-202511-1138,2025-11-17,CUST005,PRD001,6,175000,1050000,720000,330000
TRX-202511-1138,2025-11-17,CUST005,PRD004,3,105000,315000,210000,105000
TRX-202511-1139,2025-11-18,CUST002,PRD002,1,70000,70000,45000,25000
TRX-202511-1140,2025-11-18,CUST001,PRD006,2,110000,220000,150000,70000
TRX-202511-1141,2025-11-19,CUST003,PRD009,5,52000,260000,175000,85000
TRX-202511-1141,2025-11-19,CUST003,PRD011,4,35000,140000,88000,52000
TRX-202511-1141,2025-11-19,CUST003,PRD008,2,40000,80000,56000,24000
TRX-202511-1142,2025-11-19,CUST003,PRD002,3,70000,210000,135000,75000
TRX-202511-1142,2025-11-19,CUST003,PRD001,7,175000,1225000,840000,385000
TRX-202511-1143,2025-11-19,CUST008,PRD008,1,40000,40000,28000,12000
TRX-202511-1143,2025-11-19,CUST008,PRD003,6,130000,780000,510000,270000
TRX-202511-1144,2025-11-19,CUST008,PRD010,1,20000,20000,12000,8000
TRX-202511-1144,2025-11-19,CUST008,PRD003,8,130000,1040000,680000,360000
TRX-202511-1144,2025-11-19,CUST008,PRD008,6,40000,240000,168000,72000
TRX-202511-1145,2025-11-19,CUST006,PRD006,2,110000,220000,150000,70000
TRX-202511-1146,2025-11-20,CUST008,PRD003,4,130000,520000,340000,180000
TRX-202511-1146,2025-11-20,CUST008,PRD001,5,175000,875000,600000,275000
TRX-202511-1147,2025-11-20,CUST005,PRD007,1,225000,225000,180000,45000
TRX-202511-1147,2025-11-20,CUST005,PRD006,5,110000,550000,375000,175000
TRX-202511-1148,2025-11-21,CUST003,PRD012,4,48000,192000,128000,64000
TRX-202511-1148,2025-11-21,CUST003,PRD005,8,105000,840000,560000,280000
TRX-202511-1149,2025-11-21,CUST005,PRD002,2,70000,140000,90000,50000
TRX-202511-1149,2025-11-21,CUST005,PRD008,6,40000,240000,168000,72000
TRX-202511-1150,2025-11-21,CUST002,PRD003,2,130000,260000,170000,90000
TRX-202511-1151,2025-11-21,CUST004,PRD003,6,130000,780000,510000,270000
TRX-202511-1152,2025-11-22,CUST001,PRD011,4,35000,140000,88000,52000
TRX-202511-1152,2025-11-22,CUST001,PRD004,1,105000,105000,70000,35000
TRX-202511-1153,2025-11-22,CUST002,PRD006,4,110000,440000,300000,140000
TRX-202511-1153,2025-11-22,CUST002,PRD011,8,35000,280000,176000,104000
TRX-202511-1154,2025-11-23,CUST003,PRD011,5,35000,175000,110000,65000
TRX-202511-1154,2025-11-23,CUST003,PRD010,7,20000,140000,84000,56000
TRX-202511-1155,2025-11-23,CUST005,PRD007,5,225000,1125000,900000,225000
TRX-202511-1156,2025-11-23,CUST006,PRD004,5,105000,525000,350000,175000
TRX-202511-1156,2025-11-23,CUST006,PRD009,5,52000,260000,175000,85000
TRX-202511-1156,2025-11-23,CUST006,PRD001,3,175000,525000,360000,165000
TRX-202511-1157,2025-11-24,CUST006,PRD005,6,105000,630000,420000,210000
TRX-202511-1157,2025-11-24,CUST006,PRD008,4,40000,160000,112000,48000
TRX-202511-1158,2025-11-24,CUST004,PRD003,7,130000,910000,595000,315000
TRX-202511-1158,2025-11-24,CUST004,PRD001,8,175000,1400000,960000,440000
TRX-202511-1158,2025-11-24,CUST004,PRD006,8,110000,880000,600000,280000
TRX-202511-1159,2025-11-24,CUST006,PRD008,8,40000,320000,224000,96000
TRX-202511-1159,2025-11-24,CUST006,PRD012,3,48000,144000,96000,48000
TRX-202511-1160,2025-11-24,CUST003,PRD007,3,225000,675000,540000,135000
TRX-202511-1160,2025-11-24,CUST003,PRD012,6,48000,288000,192000,96000
TRX-202511-1160,2025-11-24,CUST003,PRD001,7,175000,1225000,840000,385000
TRX-202511-1161,2025-11-24,CUST003,PRD006,7,110000,770000,525000,245000
TRX-202511-1161,2025-11-24,CUST003,PRD001,3,175000,525000,360000,165000
TRX-202511-1162,2025-11-25,CUST002,PRD012,5,48000,240000,160000,80000
TRX-202511-1162,2025-11-25,CUST002,PRD008,3,40000,120000,84000,36000
TRX-202511-1163,2025-11-25,CUST004,PRD008,8,40000,320000,224000,96000
TRX-202511-1163,2025-11-25,CUST004,PRD004,1,105000,105000,70000,35000
TRX-202511-1163,2025-11-25,CUST004,PRD007,5,225000,1125000,900000,225000
TRX-202511-1164,2025-11-26,CUST008,PRD009,6,52000,312000,210000,102000
TRX-202511-1164,2025-11-26,CUST008,PRD006,4,110000,440000,300000,140000
TRX-202511-1165,2025-11-26,CUST003,PRD011,4,35000,140000,88000,52000
TRX-202511-1165,2025-11-26,CUST003,PRD010,4,20000,80000,48000,32000
TRX-202511-1166,2025-11-26,CUST004,PRD010,1,20000,20000,12000,8000
TRX-202511-1166,2025-11-26,CUST004,PRD008,6,40000,240000,168000,72000
TRX-202511-1167,2025-11-26,CUST002,PRD003,6,130000,780000,510000,270000
TRX-202511-1167,2025-11-26,CUST002,PRD010,2,20000,40000,24000,16000
TRX-202511-1168,2025-11-27,CUST008,PRD010,4,20000,80000,48000,32000
TRX-202511-1168,2025-11-27,CUST008,PRD009,4,52000,208000,140000,68000
TRX-202511-1169,2025-11-27,CUST002,PRD012,4,48000,192000,128000,64000
TRX-202511-1169,2025-11-27,CUST002,PRD001,5,175000,875000,600000,275000
TRX-202511-1170,2025-11-27,CUST004,PRD007,5,225000,1125000,900000,225000
TRX-202511-1170,2025-11-27,CUST004,PRD001,5,175000,875000,600000,275000
TRX-202511-1171,2025-11-27,CUST004,PRD005,1,105000,105000,70000,35000
TRX-202511-1172,2025-11-28,CUST001,PRD009,6,52000,312000,210000,102000
TRX-202511-1172,2025-11-28,CUST001,PRD008,3,40000,120000,84000,36000
TRX-202511-1173,2025-11-28,CUST006,PRD007,7,225000,1575000,1260000,315000
TRX-202511-1173,2025-11-28,CUST006,PRD009,6,52000,312000,210000,102000
TRX-202511-1173,2025-11-28,CUST006,PRD001,7,175000,1225000,840000,385000
TRX-202511-1174,2025-11-29,CUST002,PRD007,1,225000,225000,180000,45000
TRX-202511-1174,2025-11-29,CUST002,PRD009,7,52000,364000,245000,119000
TRX-202511-1175,2025-11-29,CUST007,PRD003,4,130000,520000,340000,180000
TRX-202511-1175,2025-11-29,CUST007,PRD009,8,52000,416000,280000,136000
TRX-202511-1175,2025-11-29,CUST007,PRD002,3,70000,210000,135000,75000
TRX-202511-1176,2025-11-29,CUST002,PRD004,1,105000,105000,70000,35000
TRX-202511-1176,2025-11-29,CUST002,PRD012,1,48000,48000,32000,16000
TRX-202511-1177,2025-11-29,CUST001,PRD012,1,48000,48000,32000,16000
TRX-202511-1177,2025-11-29,CUST001,PRD004,1,105000,105000,70000,35000
TRX-202511-1177,2025-11-29,CUST001,PRD008,4,40000,160000,112000,48000
TRX-202511-1178,2025-11-30,CUST006,PRD003,3,130000,390000,255000,135000
TRX-202511-1178,2025-11-30,CUST006,PRD007,1,225000,225000,180000,45000
TRX-202511-1178,2025-11-30,CUST006,PRD004,5,105000,525000,350000,175000
TRX-202511-1179,2025-11-30,CUST005,PRD006,3,110000,330000,225000,105000
TRX-202511-1179,2025-11-30,CUST005,PRD009,4,52000,208000,140000,68000
TRX-202511-1179,2025-11-30,CUST005,PRD007,5,225000,1125000,900000,225000
TRX-202512-1180,2025-12-01,CUST006,PRD001,4,175000,700000,480000,220000
TRX-202512-1180,2025-12-01,CUST006,PRD011,5,35000,175000,110000,65000
TRX-202512-1181,2025-12-01,CUST004,PRD001,4,175000,700000,480000,220000
TRX-202512-1181,2025-12-01,CUST004,PRD005,3,105000,315000,210000,105000
TRX-202512-1181,2025-12-01,CUST004,PRD012,6,48000,288000,192000,96000
TRX-202512-1182,2025-12-01,CUST004,PRD012,6,48000,288000,192000,96000
TRX-202512-1182,2025-12-01,CUST004,PRD007,8,225000,1800000,1440000,360000
TRX-202512-1183,2025-12-01,CUST007,PRD003,5,130000,650000,425000,225000
TRX-202512-1183,2025-12-01,CUST007,PRD008,4,40000,160000,112000,48000
TRX-202512-1183,2025-12-01,CUST007,PRD011,2,35000,70000,44000,26000
TRX-202512-1184,2025-12-02,CUST005,PRD005,8,105000,840000,560000,280000
TRX-202512-1185,2025-12-02,CUST004,PRD011,1,35000,35000,22000,13000
TRX-202512-1186,2025-12-03,CUST001,PRD002,8,70000,560000,360000,200000
TRX-202512-1186,2025-12-03,CUST001,PRD005,4,105000,420000,280000,140000
TRX-202512-1186,2025-12-03,CUST001,PRD011,5,35000,175000,110000,65000
TRX-202512-1187,2025-12-03,CUST001,PRD005,8,105000,840000,560000,280000
TRX-202512-1187,2025-12-03,CUST001,PRD004,1,105000,105000,70000,35000
TRX-202512-1187,2025-12-03,CUST001,PRD011,1,35000,35000,22000,13000
TRX-202512-1188,2025-12-04,CUST007,PRD010,7,20000,140000,84000,56000
TRX-202512-1189,2025-12-04,CUST006,PRD006,3,110000,330000,225000,105000
TRX-202512-1189,2025-12-04,CUST006,PRD005,8,105000,840000,560000,280000
TRX-202512-1190,2025-12-04,CUST007,PRD007,5,225000,1125000,900000,225000
TRX-202512-1190,2025-12-04,CUST007,PRD002,3,70000,210000,135000,75000
TRX-202512-1191,2025-12-04,CUST006,PRD011,8,35000,280000,176000,104000
TRX-202512-1191,2025-12-04,CUST006,PRD008,3,40000,120000,84000,36000
TRX-202512-1192,2025-12-05,CUST004,PRD012,2,48000,96000,64000,32000
TRX-202512-1192,2025-12-05,CUST004,PRD006,6,110000,660000,450000,210000
TRX-202512-1192,2025-12-05,CUST004,PRD008,6,40000,240000,168000,72000
TRX-202512-1193,2025-12-05,CUST007,PRD011,6,35000,210000,132000,78000
TRX-202512-1193,2025-12-05,CUST007,PRD007,7,225000,1575000,1260000,315000
TRX-202512-1193,2025-12-05,CUST007,PRD004,2,105000,210000,140000,70000
TRX-202512-1194,2025-12-05,CUST004,PRD011,4,35000,140000,88000,52000
TRX-202512-1194,2025-12-05,CUST004,PRD008,1,40000,40000,28000,12000
TRX-202512-1194,2025-12-05,CUST004,PRD003,2,130000,260000,170000,90000
TRX-202512-1195,2025-12-06,CUST007,PRD012,5,48000,240000,160000,80000
TRX-202512-1196,2025-12-06,CUST006,PRD006,5,110000,550000,375000,175000
TRX-202512-1196,2025-12-06,CUST006,PRD004,7,105000,735000,490000,245000
TRX-202512-1197,2025-12-06,CUST008,PRD010,8,20000,160000,96000,64000
TRX-202512-1197,2025-12-06,CUST008,PRD012,1,48000,48000,32000,16000
TRX-202512-1197,2025-12-06,CUST008,PRD001,8,175000,1400000,960000,440000
TRX-202512-1198,2025-12-06,CUST006,PRD001,8,175000,1400000,960000,440000
TRX-202512-1198,2025-12-06,CUST006,PRD005,7,105000,735000,490000,245000
TRX-202512-1199,2025-12-07,CUST001,PRD005,8,105000,840000,560000,280000
TRX-202512-1199,2025-12-07,CUST001,PRD009,4,52000,208000,140000,68000
TRX-202512-1200,2025-12-07,CUST007,PRD001,3,175000,525000,360000,165000
TRX-202512-1201,2025-12-07,CUST001,PRD008,3,40000,120000,84000,36000
TRX-202512-1201,2025-12-07,CUST001,PRD002,8,70000,560000,360000,200000
TRX-202512-1201,2025-12-07,CUST001,PRD009,5,52000,260000,175000,85000
TRX-202512-1202,2025-12-07,CUST007,PRD011,2,35000,70000,44000,26000
TRX-202512-1202,2025-12-07,CUST007,PRD001,8,175000,1400000,960000,440000
TRX-202512-1202,2025-12-07,CUST007,PRD005,3,105000,315000,210000,105000
TRX-202512-1203,2025-12-07,CUST008,PRD003,5,130000,650000,425000,225000
TRX-202512-1203,2025-12-07,CUST008,PRD001,6,175000,1050000,720000,330000
TRX-202512-1204,2025-12-08,CUST003,PRD010,8,20000,160000,96000,64000
TRX-202512-1204,2025-12-08,CUST003,PRD012,8,48000,384000,256000,128000
TRX-202512-1204,2025-12-08,CUST003,PRD001,6,175000,1050000,720000,330000
TRX-202512-1205,2025-12-08,CUST007,PRD012,6,48000,288000,192000,96000
TRX-202512-1206,2025-12-08,CUST002,PRD008,5,40000,200000,140000,60000
TRX-202512-1206,2025-12-08,CUST002,PRD001,7,175000,1225000,840000,385000
TRX-202512-1207,2025-12-09,CUST007,PRD009,1,52000,52000,35000,17000
TRX-202512-1208,2025-12-09,CUST004,PRD003,5,130000,650000,425000,225000
TRX-202512-1209,2025-12-09,CUST003,PRD012,6,48000,288000,192000,96000
TRX-202512-1209,2025-12-09,CUST003,PRD007,1,225000,225000,180000,45000
TRX-202512-1209,2025-12-09,CUST003,PRD001,1,175000,175000,120000,55000
TRX-202512-1210,2025-12-10,CUST002,PRD009,3,52000,156000,105000,51000
TRX-202512-1210,2025-12-10,CUST002,PRD002,4,70000,280000,180000,100000
TRX-202512-1211,2025-12-10,CUST007,PRD006,7,110000,770000,525000,245000
TRX-202512-1211,2025-12-10,CUST007,PRD004,1,105000,105000,70000,35000
TRX-202512-1211,2025-12-10,CUST007,PRD005,7,105000,735000,490000,245000
TRX-202512-1212,2025-12-10,CUST001,PRD007,4,225000,900000,720000,180000
TRX-202512-1212,2025-12-10,CUST001,PRD001,6,175000,1050000,720000,330000
TRX-202512-1213,2025-12-11,CUST006,PRD007,8,225000,1800000,1440000,360000
TRX-202512-1213,2025-12-11,CUST006,PRD005,6,105000,630000,420000,210000
TRX-202512-1214,2025-12-11,CUST005,PRD010,8,20000,160000,96000,64000
TRX-202512-1214,2025-12-11,CUST005,PRD006,8,110000,880000,600000,280000
TRX-202512-1214,2025-12-11,CUST005,PRD005,7,105000,735000,490000,245000
TRX-202512-1215,2025-12-12,CUST004,PRD005,6,105000,630000,420000,210000
TRX-202512-1215,2025-12-12,CUST004,PRD004,7,105000,735000,490000,245000
TRX-202512-1216,2025-12-12,CUST005,PRD010,4,20000,80000,48000,32000
TRX-202512-1216,2025-12-12,CUST005,PRD007,3,225000,675000,540000,135000
TRX-202512-1217,2025-12-12,CUST005,PRD011,6,35000,210000,132000,78000
TRX-202512-1218,2025-12-13,CUST003,PRD010,5,20000,100000,60000,40000
TRX-202512-1218,2025-12-13,CUST003,PRD002,2,70000,140000,90000,50000
TRX-202512-1219,2025-12-13,CUST007,PRD007,4,225000,900000,720000,180000
TRX-202512-1219,2025-12-13,CUST007,PRD001,5,175000,875000,600000,275000
TRX-202512-1219,2025-12-13,CUST007,PRD002,8,70000,560000,360000,200000
TRX-202512-1220,2025-12-13,CUST008,PRD010,7,20000,140000,84000,56000
TRX-202512-1220,2025-12-13,CUST008,PRD005,4,105000,420000,280000,140000
TRX-202512-1220,2025-12-13,CUST008,PRD009,5,52000,260000,175000,85000
TRX-202512-1221,2025-12-13,CUST001,PRD011,2,35000,70000,44000,26000
TRX-202512-1221,2025-12-13,CUST001,PRD008,8,40000,320000,224000,96000
TRX-202512-1222,2025-12-14,CUST007,PRD004,4,105000,420000,280000,140000
TRX-202512-1223,2025-12-14,CUST005,PRD006,1,110000,110000,75000,35000
TRX-202512-1223,2025-12-14,CUST005,PRD004,6,105000,630000,420000,210000
TRX-202512-1223,2025-12-14,CUST005,PRD003,4,130000,520000,340000,180000
TRX-202512-1224,2025-12-14,CUST003,PRD004,1,105000,105000,70000,35000
TRX-202512-1224,2025-12-14,CUST003,PRD009,3,52000,156000,105000,51000
TRX-202512-1225,2025-12-14,CUST002,PRD012,8,48000,384000,256000,128000
TRX-202512-1225,2025-12-14,CUST002,PRD010,2,20000,40000,24000,16000
TRX-202512-1225,2025-12-14,CUST002,PRD005,2,105000,210000,140000,70000
TRX-202512-1226,2025-12-15,CUST007,PRD009,5,52000,260000,175000,85000
TRX-202512-1227,2025-12-15,CUST004,PRD008,6,40000,240000,168000,72000
TRX-202512-1227,2025-12-15,CUST004,PRD007,6,225000,1350000,1080000,270000
TRX-202512-1227,2025-12-15,CUST004,PRD009,1,52000,52000,35000,17000
TRX-202512-1228,2025-12-15,CUST008,PRD010,4,20000,80000,48000,32000
TRX-202512-1228,2025-12-15,CUST008,PRD007,6,225000,1350000,1080000,270000
TRX-202512-1228,2025-12-15,CUST008,PRD008,3,40000,120000,84000,36000
TRX-202512-1229,2025-12-15,CUST002,PRD012,3,48000,144000,96000,48000
TRX-202512-1229,2025-12-15,CUST002,PRD011,7,35000,245000,154000,91000
TRX-202512-1229,2025-12-15,CUST002,PRD007,4,225000,900000,720000,180000
TRX-202512-1230,2025-12-15,CUST004,PRD006,5,110000,550000,375000,175000
TRX-202512-1230,2025-12-15,CUST004,PRD007,4,225000,900000,720000,180000
TRX-202512-1231,2025-12-16,CUST006,PRD008,3,40000,120000,84000,36000
TRX-202512-1231,2025-12-16,CUST006,PRD003,4,130000,520000,340000,180000
TRX-202512-1232,2025-12-16,CUST004,PRD007,6,225000,1350000,1080000,270000
TRX-202512-1233,2025-12-16,CUST001,PRD002,3,70000,210000,135000,75000
TRX-202512-1234,2025-12-16,CUST002,PRD012,5,48000,240000,160000,80000
TRX-202512-1234,2025-12-16,CUST002,PRD009,2,52000,104000,70000,34000
TRX-202512-1234,2025-12-16,CUST002,PRD001,5,175000,875000,600000,275000
TRX-202512-1235,2025-12-17,CUST002,PRD005,3,105000,315000,210000,105000
TRX-202512-1236,2025-12-17,CUST002,PRD009,3,52000,156000,105000,51000
TRX-202512-1236,2025-12-17,CUST002,PRD006,3,110000,330000,225000,105000
TRX-202512-1237,2025-12-18,CUST004,PRD011,1,35000,35000,22000,13000
TRX-202512-1238,2025-12-18,CUST002,PRD003,5,130000,650000,425000,225000
TRX-202512-1238,2025-12-18,CUST002,PRD001,8,175000,1400000,960000,440000
TRX-202512-1239,2025-12-19,CUST005,PRD010,7,20000,140000,84000,56000
TRX-202512-1240,2025-12-19,CUST007,PRD005,1,105000,105000,70000,35000
TRX-202512-1240,2025-12-19,CUST007,PRD006,6,110000,660000,450000,210000
TRX-202512-1241,2025-12-19,CUST008,PRD001,4,175000,700000,480000,220000
TRX-202512-1242,2025-12-19,CUST007,PRD003,3,130000,390000,255000,135000
TRX-202512-1242,2025-12-19,CUST007,PRD008,5,40000,200000,140000,60000
TRX-202512-1242,2025-12-19,CUST007,PRD010,7,20000,140000,84000,56000
TRX-202512-1243,2025-12-20,CUST006,PRD009,8,52000,416000,280000,136000
TRX-202512-1243,2025-12-20,CUST006,PRD008,2,40000,80000,56000,24000
TRX-202512-1243,2025-12-20,CUST006,PRD001,6,175000,1050000,720000,330000
TRX-202512-1244,2025-12-20,CUST006,PRD005,3,105000,315000,210000,105000
TRX-202512-1245,2025-12-20,CUST001,PRD003,5,130000,650000,425000,225000
TRX-202512-1246,2025-12-20,CUST001,PRD009,4,52000,208000,140000,68000
TRX-202512-1247,2025-12-21,CUST007,PRD011,5,35000,175000,110000,65000
TRX-202512-1247,2025-12-21,CUST007,PRD008,3,40000,120000,84000,36000
TRX-202512-1248,2025-12-21,CUST003,PRD002,7,70000,490000,315000,175000
TRX-202512-1249,2025-12-21,CUST005,PRD004,1,105000,105000,70000,35000
TRX-202512-1249,2025-12-21,CUST005,PRD001,5,175000,875000,600000,275000
TRX-202512-1250,2025-12-22,CUST006,PRD005,6,105000,630000,420000,210000
TRX-202512-1250,2025-12-22,CUST006,PRD010,6,20000,120000,72000,48000
TRX-202512-1251,2025-12-22,CUST003,PRD011,5,35000,175000,110000,65000
TRX-202512-1251,2025-12-22,CUST003,PRD010,4,20000,80000,48000,32000
TRX-202512-1251,2025-12-22,CUST003,PRD009,4,52000,208000,140000,68000
TRX-202512-1252,2025-12-22,CUST001,PRD008,6,40000,240000,168000,72000
TRX-202512-1252,2025-12-22,CUST001,PRD005,5,105000,525000,350000,175000
TRX-202512-1253,2025-12-22,CUST008,PRD007,5,225000,1125000,900000,225000
TRX-202512-1253,2025-12-22,CUST008,PRD001,5,175000,875000,600000,275000
TRX-202512-1253,2025-12-22,CUST008,PRD010,2,20000,40000,24000,16000
TRX-202512-1254,2025-12-23,CUST007,PRD007,7,225000,1575000,1260000,315000
TRX-202512-1254,2025-12-23,CUST007,PRD003,8,130000,1040000,680000,360000
TRX-202512-1255,2025-12-23,CUST001,PRD006,5,110000,550000,375000,175000
TRX-202512-1255,2025-12-23,CUST001,PRD002,4,70000,280000,180000,100000
TRX-202512-1256,2025-12-24,CUST001,PRD008,3,40000,120000,84000,36000
TRX-202512-1257,2025-12-24,CUST001,PRD005,6,105000,630000,420000,210000
TRX-202512-1258,2025-12-24,CUST006,PRD010,3,20000,60000,36000,24000
TRX-202512-1258,2025-12-24,CUST006,PRD002,5,70000,350000,225000,125000
TRX-202512-1258,2025-12-24,CUST006,PRD001,6,175000,1050000,720000,330000
TRX-202512-1259,2025-12-25,CUST004,PRD005,6,105000,630000,420000,210000
TRX-202512-1259,2025-12-25,CUST004,PRD001,3,175000,525000,360000,165000
TRX-202512-1259,2025-12-25,CUST004,PRD007,8,225000,1800000,1440000,360000
TRX-202512-1260,2025-12-25,CUST008,PRD009,5,52000,260000,175000,85000
TRX-202512-1260,2025-12-25,CUST008,PRD005,7,105000,735000,490000,245000
TRX-202512-1261,2025-12-25,CUST007,PRD005,6,105000,630000,420000,210000
TRX-202512-1262,2025-12-25,CUST004,PRD008,3,40000,120000,84000,36000
TRX-202512-1263,2025-12-25,CUST003,PRD002,1,70000,70000,45000,25000
TRX-202512-1264,2025-12-26,CUST006,PRD007,4,225000,900000,720000,180000
TRX-202512-1265,2025-12-26,CUST006,PRD001,1,175000,175000,120000,55000
TRX-202512-1266,2025-12-27,CUST004,PRD010,4,20000,80000,48000,32000
TRX-202512-1266,2025-12-27,CUST004,PRD008,3,40000,120000,84000,36000
TRX-202512-1266,2025-12-27,CUST004,PRD005,7,105000,735000,490000,245000
TRX-202512-1267,2025-12-27,CUST001,PRD011,6,35000,210000,132000,78000
TRX-202512-1268,2025-12-27,CUST006,PRD006,2,110000,220000,150000,70000
TRX-202512-1268,2025-12-27,CUST006,PRD012,8,48000,384000,256000,128000
TRX-202512-1268,2025-12-27,CUST006,PRD001,4,175000,700000,480000,220000
TRX-202512-1269,2025-12-28,CUST001,PRD010,2,20000,40000,24000,16000
TRX-202512-1269,2025-12-28,CUST001,PRD011,8,35000,280000,176000,104000
TRX-202512-1270,2025-12-28,CUST007,PRD010,4,20000,80000,48000,32000
TRX-202512-1270,2025-12-28,CUST007,PRD012,6,48000,288000,192000,96000
TRX-202512-1271,2025-12-28,CUST004,PRD005,1,105000,105000,70000,35000
TRX-202512-1271,2025-12-28,CUST004,PRD012,4,48000,192000,128000,64000
TRX-202512-1272,2025-12-28,CUST005,PRD005,4,105000,420000,280000,140000
TRX-202512-1272,2025-12-28,CUST005,PRD001,1,175000,175000,120000,55000
TRX-202512-1273,2025-12-29,CUST002,PRD007,6,225000,1350000,1080000,270000
TRX-202512-1274,2025-12-29,CUST003,PRD011,7,35000,245000,154000,91000
TRX-202512-1274,2025-12-29,CUST003,PRD004,2,105000,210000,140000,70000
TRX-202512-1274,2025-12-29,CUST003,PRD001,6,175000,1050000,720000,330000
TRX-202512-1275,2025-12-29,CUST004,PRD001,3,175000,525000,360000,165000
TRX-202512-1275,2025-12-29,CUST004,PRD002,5,70000,350000,225000,125000
TRX-202512-1276,2025-12-29,CUST003,PRD005,7,105000,735000,490000,245000
TRX-202512-1276,2025-12-29,CUST003,PRD011,3,35000,105000,66000,39000
TRX-202512-1276,2025-12-29,CUST003,PRD012,7,48000,336000,224000,112000
TRX-202512-1277,2025-12-30,CUST008,PRD010,6,20000,120000,72000,48000
TRX-202512-1277,2025-12-30,CUST008,PRD005,2,105000,210000,140000,70000
TRX-202512-1277,2025-12-30,CUST008,PRD002,6,70000,420000,270000,150000
TRX-202512-1278,2025-12-30,CUST003,PRD004,5,105000,525000,350000,175000
TRX-202512-1278,2025-12-30,CUST003,PRD009,1,52000,52000,35000,17000
TRX-202512-1279,2025-12-31,CUST002,PRD004,8,105000,840000,560000,280000
TRX-202512-1279,2025-12-31,CUST002,PRD011,7,35000,245000,154000,91000
TRX-202512-1279,2025-12-31,CUST002,PRD008,6,40000,240000,168000,72000
TRX-202512-1280,2025-12-31,CUST006,PRD001,1,175000,175000,120000,55000
TRX-202512-1281,2025-12-31,CUST008,PRD001,6,175000,1050000,720000,330000
TRX-202512-1282,2025-12-31,CUST001,PRD006,7,110000,770000,525000,245000
TRX-202512-1282,2025-12-31,CUST001,PRD011,1,35000,35000,22000,13000
TRX-202512-1282,2025-12-31,CUST001,PRD012,6,48000,288000,192000,96000
TRX-202512-1283,2025-12-31,CUST008,PRD003,2,130000,260000,170000,90000
TRX-202601-1284,2026-01-01,CUST003,PRD006,2,110000,220000,150000,70000
TRX-202601-1284,2026-01-01,CUST003,PRD007,6,225000,1350000,1080000,270000
TRX-202601-1285,2026-01-01,CUST002,PRD005,7,105000,735000,490000,245000
TRX-202601-1285,2026-01-01,CUST002,PRD012,1,48000,48000,32000,16000
TRX-202601-1286,2026-01-01,CUST001,PRD006,2,110000,220000,150000,70000
TRX-202601-1286,2026-01-01,CUST001,PRD003,3,130000,390000,255000,135000
TRX-202601-1287,2026-01-01,CUST002,PRD002,5,70000,350000,225000,125000
TRX-202601-1287,2026-01-01,CUST002,PRD012,6,48000,288000,192000,96000
TRX-202601-1288,2026-01-01,CUST006,PRD003,4,130000,520000,340000,180000
TRX-202601-1289,2026-01-02,CUST003,PRD002,1,70000,70000,45000,25000
TRX-202601-1290,2026-01-02,CUST002,PRD001,6,175000,1050000,720000,330000
TRX-202601-1290,2026-01-02,CUST002,PRD008,7,40000,280000,196000,84000
TRX-202601-1291,2026-01-03,CUST004,PRD009,1,52000,52000,35000,17000
TRX-202601-1291,2026-01-03,CUST004,PRD004,7,105000,735000,490000,245000
TRX-202601-1292,2026-01-03,CUST004,PRD011,5,35000,175000,110000,65000
TRX-202601-1292,2026-01-03,CUST004,PRD007,6,225000,1350000,1080000,270000
TRX-202601-1292,2026-01-03,CUST004,PRD004,3,105000,315000,210000,105000
TRX-202601-1293,2026-01-03,CUST007,PRD007,5,225000,1125000,900000,225000
TRX-202601-1293,2026-01-03,CUST007,PRD010,4,20000,80000,48000,32000
TRX-202601-1293,2026-01-03,CUST007,PRD005,2,105000,210000,140000,70000
TRX-202601-1294,2026-01-03,CUST007,PRD011,8,35000,280000,176000,104000
TRX-202601-1294,2026-01-03,CUST007,PRD010,1,20000,20000,12000,8000
TRX-202601-1295,2026-01-04,CUST002,PRD001,6,175000,1050000,720000,330000
TRX-202601-1295,2026-01-04,CUST002,PRD007,4,225000,900000,720000,180000
TRX-202601-1295,2026-01-04,CUST002,PRD002,8,70000,560000,360000,200000
TRX-202601-1296,2026-01-04,CUST003,PRD012,2,48000,96000,64000,32000
TRX-202601-1297,2026-01-04,CUST006,PRD007,5,225000,1125000,900000,225000
TRX-202601-1297,2026-01-04,CUST006,PRD012,8,48000,384000,256000,128000
TRX-202601-1298,2026-01-05,CUST003,PRD005,7,105000,735000,490000,245000
TRX-202601-1298,2026-01-05,CUST003,PRD003,1,130000,130000,85000,45000
TRX-202601-1299,2026-01-05,CUST008,PRD002,6,70000,420000,270000,150000
TRX-202601-1299,2026-01-05,CUST008,PRD010,5,20000,100000,60000,40000
TRX-202601-1299,2026-01-05,CUST008,PRD008,4,40000,160000,112000,48000
TRX-202601-1300,2026-01-05,CUST008,PRD012,5,48000,240000,160000,80000
TRX-202601-1301,2026-01-05,CUST008,PRD005,8,105000,840000,560000,280000
TRX-202601-1301,2026-01-05,CUST008,PRD003,4,130000,520000,340000,180000
TRX-202601-1302,2026-01-06,CUST004,PRD005,3,105000,315000,210000,105000
TRX-202601-1302,2026-01-06,CUST004,PRD004,8,105000,840000,560000,280000
TRX-202601-1303,2026-01-06,CUST001,PRD001,6,175000,1050000,720000,330000
TRX-202601-1304,2026-01-07,CUST006,PRD004,6,105000,630000,420000,210000
TRX-202601-1304,2026-01-07,CUST006,PRD009,8,52000,416000,280000,136000
TRX-202601-1305,2026-01-07,CUST004,PRD009,2,52000,104000,70000,34000
TRX-202601-1305,2026-01-07,CUST004,PRD001,2,175000,350000,240000,110000
TRX-202601-1306,2026-01-07,CUST003,PRD007,1,225000,225000,180000,45000
TRX-202601-1307,2026-01-07,CUST004,PRD007,2,225000,450000,360000,90000
TRX-202601-1307,2026-01-07,CUST004,PRD009,2,52000,104000,70000,34000
TRX-202601-1308,2026-01-08,CUST001,PRD012,3,48000,144000,96000,48000
TRX-202601-1308,2026-01-08,CUST001,PRD005,1,105000,105000,70000,35000
TRX-202601-1309,2026-01-08,CUST008,PRD007,6,225000,1350000,1080000,270000
TRX-202601-1310,2026-01-08,CUST002,PRD009,4,52000,208000,140000,68000
TRX-202601-1311,2026-01-09,CUST004,PRD003,4,130000,520000,340000,180000
TRX-202601-1311,2026-01-09,CUST004,PRD001,6,175000,1050000,720000,330000
TRX-202601-1311,2026-01-09,CUST004,PRD002,5,70000,350000,225000,125000
TRX-202601-1312,2026-01-09,CUST007,PRD012,2,48000,96000,64000,32000
TRX-202601-1313,2026-01-09,CUST003,PRD007,3,225000,675000,540000,135000
TRX-202601-1313,2026-01-09,CUST003,PRD001,6,175000,1050000,720000,330000
TRX-202601-1314,2026-01-09,CUST001,PRD003,2,130000,260000,170000,90000
TRX-202601-1314,2026-01-09,CUST001,PRD011,2,35000,70000,44000,26000
TRX-202601-1314,2026-01-09,CUST001,PRD007,3,225000,675000,540000,135000
TRX-202601-1315,2026-01-09,CUST004,PRD003,7,130000,910000,595000,315000
TRX-202601-1316,2026-01-10,CUST005,PRD005,4,105000,420000,280000,140000
TRX-202601-1316,2026-01-10,CUST005,PRD010,1,20000,20000,12000,8000
TRX-202601-1317,2026-01-10,CUST004,PRD005,8,105000,840000,560000,280000
TRX-202601-1317,2026-01-10,CUST004,PRD007,2,225000,450000,360000,90000
TRX-202601-1318,2026-01-10,CUST002,PRD003,2,130000,260000,170000,90000
TRX-202601-1318,2026-01-10,CUST002,PRD001,8,175000,1400000,960000,440000
TRX-202601-1318,2026-01-10,CUST002,PRD004,7,105000,735000,490000,245000
TRX-202601-1319,2026-01-10,CUST003,PRD009,3,52000,156000,105000,51000
TRX-202601-1320,2026-01-10,CUST004,PRD004,1,105000,105000,70000,35000
TRX-202601-1321,2026-01-11,CUST002,PRD006,5,110000,550000,375000,175000
TRX-202601-1321,2026-01-11,CUST002,PRD008,6,40000,240000,168000,72000
TRX-202601-1321,2026-01-11,CUST002,PRD003,1,130000,130000,85000,45000
TRX-202601-1322,2026-01-11,CUST001,PRD001,1,175000,175000,120000,55000
TRX-202601-1323,2026-01-11,CUST001,PRD006,3,110000,330000,225000,105000
TRX-202601-1324,2026-01-11,CUST002,PRD012,4,48000,192000,128000,64000
TRX-202601-1325,2026-01-11,CUST008,PRD008,6,40000,240000,168000,72000
TRX-202601-1326,2026-01-12,CUST001,PRD007,1,225000,225000,180000,45000
TRX-202601-1326,2026-01-12,CUST001,PRD008,7,40000,280000,196000,84000
TRX-202601-1327,2026-01-12,CUST008,PRD001,1,175000,175000,120000,55000
TRX-202601-1328,2026-01-12,CUST001,PRD005,6,105000,630000,420000,210000
TRX-202601-1328,2026-01-12,CUST001,PRD004,6,105000,630000,420000,210000
TRX-202601-1328,2026-01-12,CUST001,PRD007,2,225000,450000,360000,90000
TRX-202601-1329,2026-01-12,CUST006,PRD009,3,52000,156000,105000,51000
TRX-202601-1329,2026-01-12,CUST006,PRD005,7,105000,735000,490000,245000
TRX-202601-1329,2026-01-12,CUST006,PRD012,7,48000,336000,224000,112000
TRX-202601-1330,2026-01-13,CUST006,PRD010,3,20000,60000,36000,24000
TRX-202601-1331,2026-01-13,CUST003,PRD001,5,175000,875000,600000,275000
TRX-202601-1332,2026-01-13,CUST001,PRD007,5,225000,1125000,900000,225000
TRX-202601-1333,2026-01-13,CUST002,PRD009,5,52000,260000,175000,85000
TRX-202601-1333,2026-01-13,CUST002,PRD001,3,175000,525000,360000,165000
TRX-202601-1333,2026-01-13,CUST002,PRD005,8,105000,840000,560000,280000
TRX-202601-1334,2026-01-13,CUST008,PRD009,4,52000,208000,140000,68000
TRX-202601-1335,2026-01-14,CUST004,PRD005,5,105000,525000,350000,175000
TRX-202601-1336,2026-01-14,CUST002,PRD001,5,175000,875000,600000,275000
TRX-202601-1336,2026-01-14,CUST002,PRD007,7,225000,1575000,1260000,315000
TRX-202601-1337,2026-01-14,CUST003,PRD006,1,110000,110000,75000,35000
TRX-202601-1337,2026-01-14,CUST003,PRD005,3,105000,315000,210000,105000
TRX-202601-1338,2026-01-14,CUST007,PRD012,6,48000,288000,192000,96000
TRX-202601-1339,2026-01-14,CUST006,PRD011,4,35000,140000,88000,52000
TRX-202601-1339,2026-01-14,CUST006,PRD003,1,130000,130000,85000,45000
TRX-202601-1339,2026-01-14,CUST006,PRD005,2,105000,210000,140000,70000
TRX-202601-1340,2026-01-15,CUST001,PRD004,4,105000,420000,280000,140000
TRX-202601-1340,2026-01-15,CUST001,PRD012,4,48000,192000,128000,64000
TRX-202601-1341,2026-01-15,CUST006,PRD009,5,52000,260000,175000,85000
TRX-202601-1342,2026-01-15,CUST006,PRD002,3,70000,210000,135000,75000
TRX-202601-1342,2026-01-15,CUST006,PRD007,2,225000,450000,360000,90000
TRX-202601-1342,2026-01-15,CUST006,PRD004,2,105000,210000,140000,70000
TRX-202601-1343,2026-01-15,CUST002,PRD010,8,20000,160000,96000,64000
TRX-202601-1343,2026-01-15,CUST002,PRD008,2,40000,80000,56000,24000
TRX-202601-1343,2026-01-15,CUST002,PRD009,1,52000,52000,35000,17000
TRX-202601-1344,2026-01-16,CUST008,PRD007,1,225000,225000,180000,45000
TRX-202601-1344,2026-01-16,CUST008,PRD009,1,52000,52000,35000,17000
TRX-202601-1344,2026-01-16,CUST008,PRD011,3,35000,105000,66000,39000
TRX-202601-1345,2026-01-16,CUST004,PRD001,2,175000,350000,240000,110000
TRX-202601-1346,2026-01-17,CUST003,PRD002,5,70000,350000,225000,125000
TRX-202601-1347,2026-01-17,CUST002,PRD009,5,52000,260000,175000,85000
TRX-202601-1348,2026-01-17,CUST002,PRD005,7,105000,735000,490000,245000
TRX-202601-1348,2026-01-17,CUST002,PRD004,8,105000,840000,560000,280000
TRX-202601-1348,2026-01-17,CUST002,PRD011,6,35000,210000,132000,78000
TRX-202601-1349,2026-01-17,CUST001,PRD003,3,130000,390000,255000,135000
TRX-202601-1349,2026-01-17,CUST001,PRD007,3,225000,675000,540000,135000
TRX-202601-1349,2026-01-17,CUST001,PRD004,4,105000,420000,280000,140000
TRX-202601-1350,2026-01-18,CUST002,PRD012,3,48000,144000,96000,48000
TRX-202601-1351,2026-01-18,CUST007,PRD001,4,175000,700000,480000,220000
TRX-202601-1352,2026-01-19,CUST007,PRD002,7,70000,490000,315000,175000
TRX-202601-1352,2026-01-19,CUST007,PRD008,3,40000,120000,84000,36000
TRX-202601-1352,2026-01-19,CUST007,PRD011,4,35000,140000,88000,52000
TRX-202601-1353,2026-01-19,CUST005,PRD012,2,48000,96000,64000,32000
TRX-202601-1353,2026-01-19,CUST005,PRD001,4,175000,700000,480000,220000
TRX-202601-1354,2026-01-19,CUST005,PRD001,4,175000,700000,480000,220000
TRX-202601-1354,2026-01-19,CUST005,PRD009,6,52000,312000,210000,102000
TRX-202601-1354,2026-01-19,CUST005,PRD008,5,40000,200000,140000,60000
TRX-202601-1355,2026-01-20,CUST005,PRD010,1,20000,20000,12000,8000
TRX-202601-1355,2026-01-20,CUST005,PRD003,8,130000,1040000,680000,360000
TRX-202601-1356,2026-01-20,CUST005,PRD003,7,130000,910000,595000,315000
TRX-202601-1356,2026-01-20,CUST005,PRD007,7,225000,1575000,1260000,315000
TRX-202601-1356,2026-01-20,CUST005,PRD010,5,20000,100000,60000,40000
TRX-202601-1357,2026-01-21,CUST002,PRD004,5,105000,525000,350000,175000
TRX-202601-1358,2026-01-21,CUST003,PRD007,1,225000,225000,180000,45000
TRX-202601-1358,2026-01-21,CUST003,PRD010,7,20000,140000,84000,56000
TRX-202601-1359,2026-01-21,CUST001,PRD008,2,40000,80000,56000,24000
TRX-202601-1359,2026-01-21,CUST001,PRD003,8,130000,1040000,680000,360000
TRX-202601-1359,2026-01-21,CUST001,PRD007,7,225000,1575000,1260000,315000
TRX-202601-1360,2026-01-22,CUST007,PRD001,3,175000,525000,360000,165000
TRX-202601-1360,2026-01-22,CUST007,PRD009,7,52000,364000,245000,119000
TRX-202601-1361,2026-01-22,CUST006,PRD011,5,35000,175000,110000,65000
TRX-202601-1361,2026-01-22,CUST006,PRD003,2,130000,260000,170000,90000
TRX-202601-1361,2026-01-22,CUST006,PRD007,7,225000,1575000,1260000,315000
TRX-202601-1362,2026-01-22,CUST007,PRD007,2,225000,450000,360000,90000
TRX-202601-1362,2026-01-22,CUST007,PRD011,4,35000,140000,88000,52000
TRX-202601-1363,2026-01-23,CUST008,PRD001,1,175000,175000,120000,55000
TRX-202601-1364,2026-01-23,CUST007,PRD007,1,225000,225000,180000,45000
TRX-202601-1364,2026-01-23,CUST007,PRD012,2,48000,96000,64000,32000
TRX-202601-1364,2026-01-23,CUST007,PRD002,7,70000,490000,315000,175000
TRX-202601-1365,2026-01-23,CUST004,PRD002,4,70000,280000,180000,100000
TRX-202601-1366,2026-01-24,CUST001,PRD006,5,110000,550000,375000,175000
TRX-202601-1366,2026-01-24,CUST001,PRD004,1,105000,105000,70000,35000
TRX-202601-1366,2026-01-24,CUST001,PRD005,8,105000,840000,560000,280000
TRX-202601-1367,2026-01-24,CUST008,PRD010,7,20000,140000,84000,56000
TRX-202601-1367,2026-01-24,CUST008,PRD005,3,105000,315000,210000,105000
TRX-202601-1368,2026-01-24,CUST001,PRD008,7,40000,280000,196000,84000
TRX-202601-1368,2026-01-24,CUST001,PRD003,3,130000,390000,255000,135000
TRX-202601-1368,2026-01-24,CUST001,PRD007,3,225000,675000,540000,135000
TRX-202601-1369,2026-01-25,CUST006,PRD012,4,48000,192000,128000,64000
TRX-202601-1369,2026-01-25,CUST006,PRD003,6,130000,780000,510000,270000
TRX-202601-1370,2026-01-25,CUST007,PRD008,2,40000,80000,56000,24000
TRX-202601-1371,2026-01-25,CUST008,PRD004,3,105000,315000,210000,105000
TRX-202601-1372,2026-01-26,CUST006,PRD003,7,130000,910000,595000,315000
TRX-202601-1373,2026-01-26,CUST005,PRD001,5,175000,875000,600000,275000
TRX-202601-1373,2026-01-26,CUST005,PRD002,5,70000,350000,225000,125000
TRX-202601-1373,2026-01-26,CUST005,PRD007,1,225000,225000,180000,45000
TRX-202601-1374,2026-01-26,CUST004,PRD004,5,105000,525000,350000,175000
TRX-202601-1374,2026-01-26,CUST004,PRD011,2,35000,70000,44000,26000
TRX-202601-1375,2026-01-27,CUST008,PRD011,4,35000,140000,88000,52000
TRX-202601-1375,2026-01-27,CUST008,PRD010,7,20000,140000,84000,56000
TRX-202601-1375,2026-01-27,CUST008,PRD008,4,40000,160000,112000,48000
TRX-202601-1376,2026-01-27,CUST004,PRD009,3,52000,156000,105000,51000
TRX-202601-1377,2026-01-27,CUST006,PRD001,4,175000,700000,480000,220000
TRX-202601-1377,2026-01-27,CUST006,PRD006,8,110000,880000,600000,280000
TRX-202601-1378,2026-01-27,CUST001,PRD012,7,48000,336000,224000,112000
TRX-202601-1378,2026-01-27,CUST001,PRD010,7,20000,140000,84000,56000
TRX-202601-1379,2026-01-28,CUST006,PRD006,8,110000,880000,600000,280000
TRX-202601-1380,2026-01-28,CUST002,PRD005,3,105000,315000,210000,105000
TRX-202601-1380,2026-01-28,CUST002,PRD007,2,225000,450000,360000,90000
TRX-202601-1380,2026-01-28,CUST002,PRD010,3,20000,60000,36000,24000
TRX-202601-1381,2026-01-28,CUST002,PRD003,7,130000,910000,595000,315000
TRX-202601-1381,2026-01-28,CUST002,PRD006,8,110000,880000,600000,280000
TRX-202601-1381,2026-01-28,CUST002,PRD010,1,20000,20000,12000,8000
TRX-202601-1382,2026-01-28,CUST005,PRD007,5,225000,1125000,900000,225000
TRX-202601-1383,2026-01-28,CUST001,PRD003,1,130000,130000,85000,45000
TRX-202601-1384,2026-01-29,CUST008,PRD012,8,48000,384000,256000,128000
TRX-202601-1385,2026-01-29,CUST002,PRD003,7,130000,910000,595000,315000
TRX-202601-1385,2026-01-29,CUST002,PRD004,8,105000,840000,560000,280000
TRX-202601-1386,2026-01-29,CUST007,PRD004,3,105000,315000,210000,105000
TRX-202601-1386,2026-01-29,CUST007,PRD009,1,52000,52000,35000,17000
TRX-202601-1387,2026-01-29,CUST008,PRD007,2,225000,450000,360000,90000
TRX-202601-1387,2026-01-29,CUST008,PRD002,8,70000,560000,360000,200000
TRX-202601-1388,2026-01-29,CUST008,PRD009,3,52000,156000,105000,51000
TRX-202601-1388,2026-01-29,CUST008,PRD008,7,40000,280000,196000,84000
TRX-202601-1388,2026-01-29,CUST008,PRD007,8,225000,1800000,1440000,360000
TRX-202601-1389,2026-01-30,CUST007,PRD010,1,20000,20000,12000,8000
TRX-202601-1389,2026-01-30,CUST007,PRD006,1,110000,110000,75000,35000
TRX-202601-1389,2026-01-30,CUST007,PRD008,2,40000,80000,56000,24000
TRX-202601-1390,2026-01-30,CUST003,PRD009,6,52000,312000,210000,102000
TRX-202601-1390,2026-01-30,CUST003,PRD003,6,130000,780000,510000,270000
TRX-202601-1391,2026-01-30,CUST005,PRD003,7,130000,910000,595000,315000
TRX-202601-1391,2026-01-30,CUST005,PRD009,8,52000,416000,280000,136000
TRX-202601-1392,2026-01-30,CUST007,PRD003,6,130000,780000,510000,270000
TRX-202601-1393,2026-01-30,CUST005,PRD011,4,35000,140000,88000,52000
TRX-202601-1394,2026-01-31,CUST003,PRD007,3,225000,675000,540000,135000
TRX-202601-1394,2026-01-31,CUST003,PRD003,7,130000,910000,595000,315000
TRX-202601-1395,2026-01-31,CUST004,PRD004,6,105000,630000,420000,210000
TRX-202601-1395,2026-01-31,CUST004,PRD006,2,110000,220000,150000,70000
TRX-202601-1395,2026-01-31,CUST004,PRD009,4,52000,208000,140000,68000
TRX-202601-1396,2026-01-31,CUST002,PRD012,6,48000,288000,192000,96000
TRX-202601-1396,2026-01-31,CUST002,PRD007,1,225000,225000,180000,45000
TRX-202601-1396,2026-01-31,CUST002,PRD006,8,110000,880000,600000,280000
TRX-202601-1397,2026-01-31,CUST005,PRD009,1,52000,52000,35000,17000
TRX-202601-1397,2026-01-31,CUST005,PRD006,6,110000,660000,450000,210000
TRX-202601-1398,2026-01-31,CUST008,PRD005,1,105000,105000,70000,35000
TRX-202601-1398,2026-01-31,CUST008,PRD012,4,48000,192000,128000,64000
TRX-202601-1398,2026-01-31,CUST008,PRD004,5,105000,525000,350000,175000
TRX-202602-1399,2026-02-01,CUST006,PRD002,4,70000,280000,180000,100000
TRX-202602-1400,2026-02-01,CUST003,PRD010,7,20000,140000,84000,56000
TRX-202602-1400,2026-02-01,CUST003,PRD004,8,105000,840000,560000,280000
TRX-202602-1401,2026-02-01,CUST002,PRD007,8,225000,1800000,1440000,360000
TRX-202602-1402,2026-02-01,CUST006,PRD001,5,175000,875000,600000,275000
TRX-202602-1403,2026-02-02,CUST007,PRD003,6,130000,780000,510000,270000
TRX-202602-1404,2026-02-02,CUST007,PRD001,7,175000,1225000,840000,385000
TRX-202602-1404,2026-02-02,CUST007,PRD006,8,110000,880000,600000,280000
TRX-202602-1405,2026-02-02,CUST008,PRD005,3,105000,315000,210000,105000
TRX-202602-1405,2026-02-02,CUST008,PRD003,8,130000,1040000,680000,360000
TRX-202602-1406,2026-02-02,CUST006,PRD006,6,110000,660000,450000,210000
TRX-202602-1406,2026-02-02,CUST006,PRD011,7,35000,245000,154000,91000
TRX-202602-1406,2026-02-02,CUST006,PRD005,6,105000,630000,420000,210000
TRX-202602-1407,2026-02-03,CUST003,PRD002,2,70000,140000,90000,50000
TRX-202602-1407,2026-02-03,CUST003,PRD006,4,110000,440000,300000,140000
TRX-202602-1407,2026-02-03,CUST003,PRD011,1,35000,35000,22000,13000
TRX-202602-1408,2026-02-03,CUST006,PRD008,4,40000,160000,112000,48000
TRX-202602-1408,2026-02-03,CUST006,PRD001,7,175000,1225000,840000,385000
TRX-202602-1409,2026-02-03,CUST003,PRD002,5,70000,350000,225000,125000
TRX-202602-1409,2026-02-03,CUST003,PRD005,7,105000,735000,490000,245000
TRX-202602-1409,2026-02-03,CUST003,PRD011,7,35000,245000,154000,91000
TRX-202602-1410,2026-02-04,CUST004,PRD012,2,48000,96000,64000,32000
TRX-202602-1411,2026-02-04,CUST003,PRD002,3,70000,210000,135000,75000
TRX-202602-1412,2026-02-05,CUST006,PRD008,5,40000,200000,140000,60000
TRX-202602-1412,2026-02-05,CUST006,PRD006,6,110000,660000,450000,210000
TRX-202602-1413,2026-02-05,CUST005,PRD003,3,130000,390000,255000,135000
TRX-202602-1413,2026-02-05,CUST005,PRD007,1,225000,225000,180000,45000
TRX-202602-1414,2026-02-05,CUST006,PRD010,2,20000,40000,24000,16000
TRX-202602-1415,2026-02-06,CUST001,PRD003,3,130000,390000,255000,135000
TRX-202602-1415,2026-02-06,CUST001,PRD012,4,48000,192000,128000,64000
TRX-202602-1416,2026-02-06,CUST007,PRD002,7,70000,490000,315000,175000
TRX-202602-1417,2026-02-06,CUST006,PRD010,4,20000,80000,48000,32000
TRX-202602-1417,2026-02-06,CUST006,PRD002,3,70000,210000,135000,75000
TRX-202602-1417,2026-02-06,CUST006,PRD005,4,105000,420000,280000,140000
TRX-202602-1418,2026-02-07,CUST002,PRD008,8,40000,320000,224000,96000
TRX-202602-1419,2026-02-07,CUST001,PRD010,3,20000,60000,36000,24000
TRX-202602-1420,2026-02-07,CUST008,PRD003,1,130000,130000,85000,45000
TRX-202602-1421,2026-02-07,CUST006,PRD011,8,35000,280000,176000,104000
TRX-202602-1422,2026-02-07,CUST008,PRD002,6,70000,420000,270000,150000
TRX-202602-1422,2026-02-07,CUST008,PRD004,3,105000,315000,210000,105000
TRX-202602-1422,2026-02-07,CUST008,PRD008,4,40000,160000,112000,48000
TRX-202602-1423,2026-02-08,CUST006,PRD009,4,52000,208000,140000,68000
TRX-202602-1423,2026-02-08,CUST006,PRD006,7,110000,770000,525000,245000
TRX-202602-1423,2026-02-08,CUST006,PRD003,1,130000,130000,85000,45000
TRX-202602-1424,2026-02-08,CUST001,PRD001,5,175000,875000,600000,275000
TRX-202602-1425,2026-02-08,CUST005,PRD007,2,225000,450000,360000,90000
TRX-202602-1426,2026-02-09,CUST001,PRD004,7,105000,735000,490000,245000
TRX-202602-1426,2026-02-09,CUST001,PRD001,8,175000,1400000,960000,440000
TRX-202602-1426,2026-02-09,CUST001,PRD010,2,20000,40000,24000,16000
TRX-202602-1427,2026-02-09,CUST004,PRD010,2,20000,40000,24000,16000
TRX-202602-1427,2026-02-09,CUST004,PRD008,3,40000,120000,84000,36000
TRX-202602-1427,2026-02-09,CUST004,PRD002,7,70000,490000,315000,175000
TRX-202602-1428,2026-02-09,CUST001,PRD003,4,130000,520000,340000,180000
TRX-202602-1428,2026-02-09,CUST001,PRD012,3,48000,144000,96000,48000
TRX-202602-1428,2026-02-09,CUST001,PRD002,2,70000,140000,90000,50000
TRX-202602-1429,2026-02-10,CUST004,PRD012,5,48000,240000,160000,80000
TRX-202602-1429,2026-02-10,CUST004,PRD004,4,105000,420000,280000,140000
TRX-202602-1429,2026-02-10,CUST004,PRD001,7,175000,1225000,840000,385000
TRX-202602-1430,2026-02-10,CUST007,PRD004,1,105000,105000,70000,35000
TRX-202602-1430,2026-02-10,CUST007,PRD009,3,52000,156000,105000,51000
TRX-202602-1431,2026-02-10,CUST008,PRD011,2,35000,70000,44000,26000
TRX-202602-1431,2026-02-10,CUST008,PRD005,3,105000,315000,210000,105000
TRX-202602-1431,2026-02-10,CUST008,PRD009,5,52000,260000,175000,85000
TRX-202602-1432,2026-02-11,CUST001,PRD012,6,48000,288000,192000,96000
TRX-202602-1433,2026-02-11,CUST003,PRD010,2,20000,40000,24000,16000
TRX-202602-1433,2026-02-11,CUST003,PRD008,4,40000,160000,112000,48000
TRX-202602-1433,2026-02-11,CUST003,PRD001,8,175000,1400000,960000,440000
TRX-202602-1434,2026-02-12,CUST005,PRD003,1,130000,130000,85000,45000
TRX-202602-1435,2026-02-12,CUST008,PRD012,7,48000,336000,224000,112000
TRX-202602-1435,2026-02-12,CUST008,PRD002,1,70000,70000,45000,25000
TRX-202602-1435,2026-02-12,CUST008,PRD007,7,225000,1575000,1260000,315000
TRX-202602-1436,2026-02-12,CUST004,PRD003,5,130000,650000,425000,225000
TRX-202602-1437,2026-02-12,CUST002,PRD006,3,110000,330000,225000,105000
TRX-202602-1437,2026-02-12,CUST002,PRD005,1,105000,105000,70000,35000
TRX-202602-1438,2026-02-12,CUST004,PRD012,4,48000,192000,128000,64000
TRX-202602-1438,2026-02-12,CUST004,PRD005,1,105000,105000,70000,35000
TRX-202602-1438,2026-02-12,CUST004,PRD001,2,175000,350000,240000,110000
TRX-202602-1439,2026-02-13,CUST008,PRD001,1,175000,175000,120000,55000
TRX-202602-1439,2026-02-13,CUST008,PRD002,1,70000,70000,45000,25000
TRX-202602-1440,2026-02-13,CUST002,PRD002,1,70000,70000,45000,25000
TRX-202602-1440,2026-02-13,CUST002,PRD001,7,175000,1225000,840000,385000
TRX-202602-1440,2026-02-13,CUST002,PRD004,4,105000,420000,280000,140000
TRX-202602-1441,2026-02-13,CUST002,PRD007,2,225000,450000,360000,90000
TRX-202602-1441,2026-02-13,CUST002,PRD005,8,105000,840000,560000,280000
TRX-202602-1442,2026-02-13,CUST003,PRD009,1,52000,52000,35000,17000
TRX-202602-1442,2026-02-13,CUST003,PRD001,2,175000,350000,240000,110000
TRX-202602-1443,2026-02-14,CUST008,PRD004,3,105000,315000,210000,105000
TRX-202602-1443,2026-02-14,CUST008,PRD007,2,225000,450000,360000,90000
TRX-202602-1444,2026-02-14,CUST004,PRD001,7,175000,1225000,840000,385000
TRX-202602-1445,2026-02-14,CUST003,PRD009,6,52000,312000,210000,102000
TRX-202602-1445,2026-02-14,CUST003,PRD012,8,48000,384000,256000,128000
TRX-202602-1446,2026-02-14,CUST007,PRD007,8,225000,1800000,1440000,360000
TRX-202602-1446,2026-02-14,CUST007,PRD010,1,20000,20000,12000,8000
TRX-202602-1446,2026-02-14,CUST007,PRD005,4,105000,420000,280000,140000
TRX-202602-1447,2026-02-15,CUST007,PRD007,5,225000,1125000,900000,225000
TRX-202602-1447,2026-02-15,CUST007,PRD002,6,70000,420000,270000,150000
TRX-202602-1448,2026-02-15,CUST001,PRD002,1,70000,70000,45000,25000
TRX-202602-1449,2026-02-15,CUST008,PRD008,2,40000,80000,56000,24000
TRX-202602-1449,2026-02-15,CUST008,PRD011,5,35000,175000,110000,65000
TRX-202602-1449,2026-02-15,CUST008,PRD012,1,48000,48000,32000,16000
TRX-202602-1450,2026-02-15,CUST001,PRD011,4,35000,140000,88000,52000
TRX-202602-1450,2026-02-15,CUST001,PRD005,2,105000,210000,140000,70000
TRX-202602-1450,2026-02-15,CUST001,PRD010,5,20000,100000,60000,40000
TRX-202602-1451,2026-02-16,CUST002,PRD007,5,225000,1125000,900000,225000
TRX-202602-1451,2026-02-16,CUST002,PRD010,2,20000,40000,24000,16000
TRX-202602-1452,2026-02-16,CUST007,PRD002,4,70000,280000,180000,100000
TRX-202602-1452,2026-02-16,CUST007,PRD003,8,130000,1040000,680000,360000
TRX-202602-1453,2026-02-16,CUST005,PRD008,8,40000,320000,224000,96000
TRX-202602-1454,2026-02-16,CUST005,PRD004,3,105000,315000,210000,105000
TRX-202602-1455,2026-02-16,CUST006,PRD003,5,130000,650000,425000,225000
TRX-202602-1455,2026-02-16,CUST006,PRD004,2,105000,210000,140000,70000
TRX-202602-1456,2026-02-17,CUST002,PRD002,8,70000,560000,360000,200000
TRX-202602-1456,2026-02-17,CUST002,PRD004,3,105000,315000,210000,105000
TRX-202602-1456,2026-02-17,CUST002,PRD006,2,110000,220000,150000,70000
TRX-202602-1457,2026-02-17,CUST002,PRD001,5,175000,875000,600000,275000
TRX-202602-1457,2026-02-17,CUST002,PRD009,1,52000,52000,35000,17000
TRX-202602-1458,2026-02-17,CUST002,PRD007,3,225000,675000,540000,135000
TRX-202602-1458,2026-02-17,CUST002,PRD005,3,105000,315000,210000,105000
TRX-202602-1458,2026-02-17,CUST002,PRD011,2,35000,70000,44000,26000
TRX-202602-1459,2026-02-17,CUST008,PRD009,4,52000,208000,140000,68000
TRX-202602-1459,2026-02-17,CUST008,PRD012,8,48000,384000,256000,128000
TRX-202602-1460,2026-02-18,CUST005,PRD010,7,20000,140000,84000,56000
TRX-202602-1461,2026-02-18,CUST003,PRD012,8,48000,384000,256000,128000
TRX-202602-1461,2026-02-18,CUST003,PRD007,1,225000,225000,180000,45000
TRX-202602-1462,2026-02-18,CUST005,PRD010,6,20000,120000,72000,48000
TRX-202602-1463,2026-02-18,CUST004,PRD002,7,70000,490000,315000,175000
TRX-202602-1463,2026-02-18,CUST004,PRD005,2,105000,210000,140000,70000
TRX-202602-1463,2026-02-18,CUST004,PRD012,6,48000,288000,192000,96000
TRX-202602-1464,2026-02-18,CUST007,PRD008,4,40000,160000,112000,48000
TRX-202602-1465,2026-02-19,CUST005,PRD007,8,225000,1800000,1440000,360000
TRX-202602-1465,2026-02-19,CUST005,PRD001,5,175000,875000,600000,275000
TRX-202602-1465,2026-02-19,CUST005,PRD005,3,105000,315000,210000,105000
TRX-202602-1466,2026-02-19,CUST002,PRD001,6,175000,1050000,720000,330000
TRX-202602-1466,2026-02-19,CUST002,PRD003,2,130000,260000,170000,90000
TRX-202602-1467,2026-02-19,CUST007,PRD003,6,130000,780000,510000,270000
TRX-202602-1468,2026-02-20,CUST007,PRD010,2,20000,40000,24000,16000
TRX-202602-1469,2026-02-20,CUST002,PRD002,2,70000,140000,90000,50000
TRX-202602-1469,2026-02-20,CUST002,PRD004,4,105000,420000,280000,140000
TRX-202602-1470,2026-02-21,CUST005,PRD008,5,40000,200000,140000,60000
TRX-202602-1470,2026-02-21,CUST005,PRD003,2,130000,260000,170000,90000
TRX-202602-1471,2026-02-21,CUST002,PRD006,1,110000,110000,75000,35000
TRX-202602-1471,2026-02-21,CUST002,PRD011,4,35000,140000,88000,52000
TRX-202602-1472,2026-02-21,CUST005,PRD001,7,175000,1225000,840000,385000
TRX-202602-1472,2026-02-21,CUST005,PRD010,7,20000,140000,84000,56000
TRX-202602-1473,2026-02-21,CUST002,PRD012,2,48000,96000,64000,32000
TRX-202602-1473,2026-02-21,CUST002,PRD008,3,40000,120000,84000,36000
TRX-202602-1474,2026-02-22,CUST007,PRD011,4,35000,140000,88000,52000
TRX-202602-1474,2026-02-22,CUST007,PRD009,7,52000,364000,245000,119000
TRX-202602-1474,2026-02-22,CUST007,PRD010,8,20000,160000,96000,64000
TRX-202602-1475,2026-02-22,CUST005,PRD007,2,225000,450000,360000,90000
TRX-202602-1475,2026-02-22,CUST005,PRD010,6,20000,120000,72000,48000
TRX-202602-1475,2026-02-22,CUST005,PRD005,6,105000,630000,420000,210000
TRX-202602-1476,2026-02-22,CUST005,PRD011,2,35000,70000,44000,26000
TRX-202602-1476,2026-02-22,CUST005,PRD001,2,175000,350000,240000,110000
TRX-202602-1477,2026-02-22,CUST003,PRD010,1,20000,20000,12000,8000
TRX-202602-1477,2026-02-22,CUST003,PRD011,8,35000,280000,176000,104000
TRX-202602-1477,2026-02-22,CUST003,PRD003,6,130000,780000,510000,270000
TRX-202602-1478,2026-02-23,CUST006,PRD010,7,20000,140000,84000,56000
TRX-202602-1478,2026-02-23,CUST006,PRD001,8,175000,1400000,960000,440000
TRX-202602-1479,2026-02-23,CUST001,PRD001,5,175000,875000,600000,275000
TRX-202602-1480,2026-02-23,CUST003,PRD009,5,52000,260000,175000,85000
TRX-202602-1480,2026-02-23,CUST003,PRD010,3,20000,60000,36000,24000
TRX-202602-1481,2026-02-23,CUST001,PRD007,5,225000,1125000,900000,225000
TRX-202602-1481,2026-02-23,CUST001,PRD012,7,48000,336000,224000,112000
TRX-202602-1482,2026-02-24,CUST006,PRD007,3,225000,675000,540000,135000
TRX-202602-1482,2026-02-24,CUST006,PRD012,3,48000,144000,96000,48000
TRX-202602-1483,2026-02-24,CUST007,PRD012,1,48000,48000,32000,16000
TRX-202602-1483,2026-02-24,CUST007,PRD005,2,105000,210000,140000,70000
TRX-202602-1484,2026-02-24,CUST007,PRD006,6,110000,660000,450000,210000
TRX-202602-1484,2026-02-24,CUST007,PRD010,4,20000,80000,48000,32000
TRX-202602-1484,2026-02-24,CUST007,PRD011,1,35000,35000,22000,13000
TRX-202602-1485,2026-02-25,CUST007,PRD001,1,175000,175000,120000,55000
TRX-202602-1486,2026-02-25,CUST002,PRD010,7,20000,140000,84000,56000
TRX-202602-1486,2026-02-25,CUST002,PRD009,8,52000,416000,280000,136000
TRX-202602-1487,2026-02-25,CUST008,PRD003,3,130000,390000,255000,135000
TRX-202602-1487,2026-02-25,CUST008,PRD004,6,105000,630000,420000,210000
TRX-202602-1487,2026-02-25,CUST008,PRD002,8,70000,560000,360000,200000
TRX-202602-1488,2026-02-25,CUST001,PRD008,7,40000,280000,196000,84000
TRX-202602-1488,2026-02-25,CUST001,PRD003,5,130000,650000,425000,225000
TRX-202602-1489,2026-02-26,CUST003,PRD003,4,130000,520000,340000,180000
TRX-202602-1489,2026-02-26,CUST003,PRD002,6,70000,420000,270000,150000
TRX-202602-1490,2026-02-26,CUST005,PRD005,1,105000,105000,70000,35000
TRX-202602-1490,2026-02-26,CUST005,PRD001,7,175000,1225000,840000,385000
TRX-202602-1491,2026-02-26,CUST005,PRD011,5,35000,175000,110000,65000
TRX-202602-1491,2026-02-26,CUST005,PRD006,8,110000,880000,600000,280000
TRX-202602-1492,2026-02-26,CUST006,PRD003,2,130000,260000,170000,90000
TRX-202602-1492,2026-02-26,CUST006,PRD004,3,105000,315000,210000,105000
TRX-202602-1492,2026-02-26,CUST006,PRD002,4,70000,280000,180000,100000
TRX-202602-1493,2026-02-27,CUST003,PRD008,6,40000,240000,168000,72000
TRX-202602-1494,2026-02-27,CUST001,PRD009,7,52000,364000,245000,119000
TRX-202602-1494,2026-02-27,CUST001,PRD001,4,175000,700000,480000,220000
TRX-202602-1494,2026-02-27,CUST001,PRD002,1,70000,70000,45000,25000
TRX-202602-1495,2026-02-27,CUST005,PRD012,4,48000,192000,128000,64000
TRX-202602-1495,2026-02-27,CUST005,PRD011,1,35000,35000,22000,13000
TRX-202602-1496,2026-02-27,CUST007,PRD004,3,105000,315000,210000,105000
TRX-202602-1496,2026-02-27,CUST007,PRD006,5,110000,550000,375000,175000
TRX-202602-1496,2026-02-27,CUST007,PRD009,4,52000,208000,140000,68000
TRX-202602-1497,2026-02-27,CUST006,PRD005,1,105000,105000,70000,35000
TRX-202602-1498,2026-02-28,CUST006,PRD002,4,70000,280000,180000,100000
TRX-202602-1498,2026-02-28,CUST006,PRD008,8,40000,320000,224000,96000
TRX-202602-1498,2026-02-28,CUST006,PRD010,2,20000,40000,24000,16000
TRX-202602-1499,2026-02-28,CUST001,PRD011,4,35000,140000,88000,52000
TRX-202602-1499,2026-02-28,CUST001,PRD012,2,48000,96000,64000,32000
TRX-202602-1499,2026-02-28,CUST001,PRD006,3,110000,330000,225000,105000
TRX-202602-1500,2026-02-28,CUST008,PRD009,7,52000,364000,245000,119000
TRX-202602-1500,2026-02-28,CUST008,PRD011,7,35000,245000,154000,91000
TRX-202602-1500,2026-02-28,CUST008,PRD005,3,105000,315000,210000,105000
TRX-202603-1501,2026-03-01,CUST004,PRD008,4,40000,160000,112000,48000
TRX-202603-1501,2026-03-01,CUST004,PRD003,4,130000,520000,340000,180000
TRX-202603-1501,2026-03-01,CUST004,PRD009,2,52000,104000,70000,34000
TRX-202603-1502,2026-03-01,CUST003,PRD011,8,35000,280000,176000,104000
TRX-202603-1503,2026-03-01,CUST001,PRD003,4,130000,520000,340000,180000
TRX-202603-1503,2026-03-01,CUST001,PRD010,3,20000,60000,36000,24000
TRX-202603-1504,2026-03-02,CUST007,PRD001,2,175000,350000,240000,110000
TRX-202603-1505,2026-03-02,CUST005,PRD006,7,110000,770000,525000,245000
TRX-202603-1506,2026-03-02,CUST002,PRD001,5,175000,875000,600000,275000
TRX-202603-1506,2026-03-02,CUST002,PRD004,6,105000,630000,420000,210000
TRX-202603-1507,2026-03-02,CUST004,PRD002,1,70000,70000,45000,25000
TRX-202603-1507,2026-03-02,CUST004,PRD010,8,20000,160000,96000,64000
TRX-202603-1507,2026-03-02,CUST004,PRD009,5,52000,260000,175000,85000
TRX-202603-1508,2026-03-02,CUST007,PRD011,6,35000,210000,132000,78000
TRX-202603-1508,2026-03-02,CUST007,PRD003,5,130000,650000,425000,225000
TRX-202603-1508,2026-03-02,CUST007,PRD004,7,105000,735000,490000,245000
TRX-202603-1509,2026-03-03,CUST002,PRD001,7,175000,1225000,840000,385000
TRX-202603-1510,2026-03-03,CUST006,PRD002,4,70000,280000,180000,100000
TRX-202603-1510,2026-03-03,CUST006,PRD012,5,48000,240000,160000,80000
TRX-202603-1511,2026-03-03,CUST001,PRD009,2,52000,104000,70000,34000
TRX-202603-1511,2026-03-03,CUST001,PRD006,7,110000,770000,525000,245000
TRX-202603-1512,2026-03-03,CUST005,PRD008,1,40000,40000,28000,12000
TRX-202603-1512,2026-03-03,CUST005,PRD001,6,175000,1050000,720000,330000
TRX-202603-1512,2026-03-03,CUST005,PRD009,4,52000,208000,140000,68000
TRX-202603-1513,2026-03-04,CUST002,PRD001,7,175000,1225000,840000,385000
TRX-202603-1513,2026-03-04,CUST002,PRD006,3,110000,330000,225000,105000
TRX-202603-1514,2026-03-04,CUST006,PRD002,8,70000,560000,360000,200000
TRX-202603-1514,2026-03-04,CUST006,PRD010,7,20000,140000,84000,56000
TRX-202603-1515,2026-03-04,CUST001,PRD010,1,20000,20000,12000,8000
TRX-202603-1515,2026-03-04,CUST001,PRD004,2,105000,210000,140000,70000
TRX-202603-1515,2026-03-04,CUST001,PRD003,3,130000,390000,255000,135000
TRX-202603-1516,2026-03-04,CUST007,PRD006,3,110000,330000,225000,105000
TRX-202603-1516,2026-03-04,CUST007,PRD008,7,40000,280000,196000,84000
TRX-202603-1516,2026-03-04,CUST007,PRD009,1,52000,52000,35000,17000
TRX-202603-1517,2026-03-04,CUST005,PRD009,1,52000,52000,35000,17000
TRX-202603-1518,2026-03-05,CUST002,PRD012,3,48000,144000,96000,48000
TRX-202603-1518,2026-03-05,CUST002,PRD010,7,20000,140000,84000,56000
TRX-202603-1518,2026-03-05,CUST002,PRD007,5,225000,1125000,900000,225000
TRX-202603-1519,2026-03-05,CUST003,PRD003,8,130000,1040000,680000,360000
TRX-202603-1520,2026-03-05,CUST006,PRD010,1,20000,20000,12000,8000
TRX-202603-1520,2026-03-05,CUST006,PRD002,5,70000,350000,225000,125000
TRX-202603-1520,2026-03-05,CUST006,PRD008,6,40000,240000,168000,72000
TRX-202603-1521,2026-03-05,CUST005,PRD002,6,70000,420000,270000,150000
TRX-202603-1522,2026-03-06,CUST008,PRD004,3,105000,315000,210000,105000
TRX-202603-1523,2026-03-06,CUST005,PRD003,3,130000,390000,255000,135000
TRX-202603-1523,2026-03-06,CUST005,PRD009,6,52000,312000,210000,102000
TRX-202603-1524,2026-03-07,CUST002,PRD010,6,20000,120000,72000,48000
TRX-202603-1525,2026-03-07,CUST001,PRD003,2,130000,260000,170000,90000
TRX-202603-1525,2026-03-07,CUST001,PRD008,6,40000,240000,168000,72000
TRX-202603-1525,2026-03-07,CUST001,PRD002,3,70000,210000,135000,75000
TRX-202603-1526,2026-03-08,CUST006,PRD005,8,105000,840000,560000,280000
TRX-202603-1526,2026-03-08,CUST006,PRD004,7,105000,735000,490000,245000
TRX-202603-1526,2026-03-08,CUST006,PRD003,4,130000,520000,340000,180000
TRX-202603-1527,2026-03-08,CUST007,PRD003,5,130000,650000,425000,225000
TRX-202603-1527,2026-03-08,CUST007,PRD010,5,20000,100000,60000,40000
TRX-202603-1528,2026-03-08,CUST008,PRD007,2,225000,450000,360000,90000
TRX-202603-1529,2026-03-08,CUST003,PRD004,2,105000,210000,140000,70000
TRX-202603-1529,2026-03-08,CUST003,PRD005,4,105000,420000,280000,140000
TRX-202603-1530,2026-03-09,CUST007,PRD012,7,48000,336000,224000,112000
TRX-202603-1531,2026-03-09,CUST008,PRD010,4,20000,80000,48000,32000
TRX-202603-1532,2026-03-09,CUST005,PRD009,4,52000,208000,140000,68000
TRX-202603-1532,2026-03-09,CUST005,PRD012,5,48000,240000,160000,80000
TRX-202603-1533,2026-03-09,CUST003,PRD004,5,105000,525000,350000,175000
TRX-202603-1533,2026-03-09,CUST003,PRD007,7,225000,1575000,1260000,315000
TRX-202603-1534,2026-03-10,CUST008,PRD012,2,48000,96000,64000,32000
TRX-202603-1534,2026-03-10,CUST008,PRD005,4,105000,420000,280000,140000
TRX-202603-1534,2026-03-10,CUST008,PRD001,2,175000,350000,240000,110000
TRX-202603-1535,2026-03-10,CUST002,PRD008,7,40000,280000,196000,84000
TRX-202603-1536,2026-03-11,CUST003,PRD006,6,110000,660000,450000,210000
TRX-202603-1536,2026-03-11,CUST003,PRD010,1,20000,20000,12000,8000
TRX-202603-1537,2026-03-11,CUST001,PRD007,1,225000,225000,180000,45000
TRX-202603-1538,2026-03-11,CUST002,PRD002,4,70000,280000,180000,100000
TRX-202603-1538,2026-03-11,CUST002,PRD006,3,110000,330000,225000,105000
TRX-202603-1539,2026-03-12,CUST004,PRD002,7,70000,490000,315000,175000
TRX-202603-1539,2026-03-12,CUST004,PRD001,5,175000,875000,600000,275000
TRX-202603-1539,2026-03-12,CUST004,PRD011,4,35000,140000,88000,52000
TRX-202603-1540,2026-03-12,CUST005,PRD001,2,175000,350000,240000,110000
TRX-202603-1540,2026-03-12,CUST005,PRD004,1,105000,105000,70000,35000
TRX-202603-1540,2026-03-12,CUST005,PRD010,5,20000,100000,60000,40000
TRX-202603-1541,2026-03-13,CUST003,PRD006,7,110000,770000,525000,245000
TRX-202603-1542,2026-03-13,CUST002,PRD001,7,175000,1225000,840000,385000
TRX-202603-1543,2026-03-13,CUST008,PRD010,7,20000,140000,84000,56000
TRX-202603-1543,2026-03-13,CUST008,PRD001,7,175000,1225000,840000,385000
TRX-202603-1543,2026-03-13,CUST008,PRD011,1,35000,35000,22000,13000
TRX-202603-1544,2026-03-13,CUST002,PRD007,5,225000,1125000,900000,225000
TRX-202603-1544,2026-03-13,CUST002,PRD008,1,40000,40000,28000,12000
TRX-202603-1544,2026-03-13,CUST002,PRD011,4,35000,140000,88000,52000
TRX-202603-1545,2026-03-14,CUST002,PRD004,6,105000,630000,420000,210000
TRX-202603-1545,2026-03-14,CUST002,PRD007,5,225000,1125000,900000,225000
TRX-202603-1546,2026-03-14,CUST003,PRD003,2,130000,260000,170000,90000
TRX-202603-1546,2026-03-14,CUST003,PRD005,8,105000,840000,560000,280000
TRX-202603-1547,2026-03-15,CUST005,PRD001,3,175000,525000,360000,165000
TRX-202603-1548,2026-03-15,CUST002,PRD007,7,225000,1575000,1260000,315000
TRX-202603-1549,2026-03-15,CUST008,PRD003,1,130000,130000,85000,45000
TRX-202603-1550,2026-03-15,CUST005,PRD006,8,110000,880000,600000,280000
TRX-202603-1550,2026-03-15,CUST005,PRD008,6,40000,240000,168000,72000
TRX-202603-1550,2026-03-15,CUST005,PRD012,3,48000,144000,96000,48000
TRX-202603-1551,2026-03-15,CUST002,PRD010,7,20000,140000,84000,56000
TRX-202603-1552,2026-03-16,CUST001,PRD004,7,105000,735000,490000,245000
TRX-202603-1553,2026-03-16,CUST003,PRD011,3,35000,105000,66000,39000
TRX-202603-1554,2026-03-16,CUST002,PRD009,8,52000,416000,280000,136000
TRX-202603-1554,2026-03-16,CUST002,PRD002,1,70000,70000,45000,25000
TRX-202603-1555,2026-03-17,CUST004,PRD009,4,52000,208000,140000,68000
TRX-202603-1555,2026-03-17,CUST004,PRD010,2,20000,40000,24000,16000
TRX-202603-1556,2026-03-17,CUST007,PRD003,8,130000,1040000,680000,360000
TRX-202603-1556,2026-03-17,CUST007,PRD009,3,52000,156000,105000,51000
TRX-202603-1556,2026-03-17,CUST007,PRD010,5,20000,100000,60000,40000
TRX-202603-1557,2026-03-17,CUST006,PRD001,2,175000,350000,240000,110000
TRX-202603-1557,2026-03-17,CUST006,PRD011,3,35000,105000,66000,39000
TRX-202603-1558,2026-03-17,CUST003,PRD008,1,40000,40000,28000,12000
TRX-202603-1558,2026-03-17,CUST003,PRD003,3,130000,390000,255000,135000
TRX-202603-1558,2026-03-17,CUST003,PRD001,4,175000,700000,480000,220000
TRX-202603-1559,2026-03-18,CUST003,PRD011,1,35000,35000,22000,13000
TRX-202603-1559,2026-03-18,CUST003,PRD001,4,175000,700000,480000,220000
TRX-202603-1559,2026-03-18,CUST003,PRD003,1,130000,130000,85000,45000
TRX-202603-1560,2026-03-18,CUST005,PRD012,3,48000,144000,96000,48000
TRX-202603-1560,2026-03-18,CUST005,PRD003,3,130000,390000,255000,135000
TRX-202603-1560,2026-03-18,CUST005,PRD004,8,105000,840000,560000,280000
TRX-202603-1561,2026-03-19,CUST007,PRD002,4,70000,280000,180000,100000
TRX-202603-1561,2026-03-19,CUST007,PRD010,3,20000,60000,36000,24000
TRX-202603-1561,2026-03-19,CUST007,PRD009,2,52000,104000,70000,34000
TRX-202603-1562,2026-03-19,CUST001,PRD003,7,130000,910000,595000,315000
TRX-202603-1562,2026-03-19,CUST001,PRD010,2,20000,40000,24000,16000
TRX-202603-1562,2026-03-19,CUST001,PRD002,8,70000,560000,360000,200000
TRX-202603-1563,2026-03-19,CUST005,PRD010,3,20000,60000,36000,24000
TRX-202603-1563,2026-03-19,CUST005,PRD001,4,175000,700000,480000,220000
TRX-202603-1564,2026-03-19,CUST002,PRD005,4,105000,420000,280000,140000
TRX-202603-1565,2026-03-20,CUST003,PRD010,7,20000,140000,84000,56000
TRX-202603-1566,2026-03-20,CUST006,PRD001,5,175000,875000,600000,275000
TRX-202603-1566,2026-03-20,CUST006,PRD005,5,105000,525000,350000,175000
TRX-202603-1567,2026-03-20,CUST005,PRD001,7,175000,1225000,840000,385000
TRX-202603-1567,2026-03-20,CUST005,PRD008,4,40000,160000,112000,48000
TRX-202603-1567,2026-03-20,CUST005,PRD007,5,225000,1125000,900000,225000
TRX-202603-1568,2026-03-20,CUST004,PRD004,6,105000,630000,420000,210000
TRX-202603-1568,2026-03-20,CUST004,PRD010,1,20000,20000,12000,8000
TRX-202603-1568,2026-03-20,CUST004,PRD007,5,225000,1125000,900000,225000
TRX-202603-1569,2026-03-20,CUST007,PRD008,4,40000,160000,112000,48000
TRX-202603-1570,2026-03-21,CUST002,PRD010,4,20000,80000,48000,32000
TRX-202603-1570,2026-03-21,CUST002,PRD007,5,225000,1125000,900000,225000
TRX-202603-1570,2026-03-21,CUST002,PRD003,2,130000,260000,170000,90000
TRX-202603-1571,2026-03-21,CUST007,PRD004,6,105000,630000,420000,210000
TRX-202603-1571,2026-03-21,CUST007,PRD012,4,48000,192000,128000,64000
TRX-202603-1572,2026-03-21,CUST003,PRD005,6,105000,630000,420000,210000
TRX-202603-1572,2026-03-21,CUST003,PRD008,1,40000,40000,28000,12000
TRX-202603-1572,2026-03-21,CUST003,PRD003,6,130000,780000,510000,270000
TRX-202603-1573,2026-03-21,CUST004,PRD004,5,105000,525000,350000,175000
TRX-202603-1574,2026-03-21,CUST004,PRD012,4,48000,192000,128000,64000
TRX-202603-1575,2026-03-22,CUST004,PRD004,6,105000,630000,420000,210000
TRX-202603-1575,2026-03-22,CUST004,PRD007,8,225000,1800000,1440000,360000
TRX-202603-1576,2026-03-22,CUST005,PRD007,7,225000,1575000,1260000,315000
TRX-202603-1576,2026-03-22,CUST005,PRD010,2,20000,40000,24000,16000
TRX-202603-1577,2026-03-22,CUST007,PRD005,3,105000,315000,210000,105000
TRX-202603-1578,2026-03-22,CUST002,PRD006,5,110000,550000,375000,175000
TRX-202603-1579,2026-03-23,CUST005,PRD007,2,225000,450000,360000,90000
TRX-202603-1580,2026-03-23,CUST005,PRD011,5,35000,175000,110000,65000
TRX-202603-1581,2026-03-24,CUST008,PRD006,2,110000,220000,150000,70000
TRX-202603-1581,2026-03-24,CUST008,PRD003,2,130000,260000,170000,90000
TRX-202603-1581,2026-03-24,CUST008,PRD011,6,35000,210000,132000,78000
TRX-202603-1582,2026-03-24,CUST008,PRD009,5,52000,260000,175000,85000
TRX-202603-1583,2026-03-25,CUST006,PRD003,8,130000,1040000,680000,360000
TRX-202603-1583,2026-03-25,CUST006,PRD004,8,105000,840000,560000,280000
TRX-202603-1583,2026-03-25,CUST006,PRD008,3,40000,120000,84000,36000
TRX-202603-1584,2026-03-25,CUST007,PRD011,7,35000,245000,154000,91000
TRX-202603-1584,2026-03-25,CUST007,PRD006,4,110000,440000,300000,140000
TRX-202603-1585,2026-03-25,CUST004,PRD001,5,175000,875000,600000,275000
TRX-202603-1585,2026-03-25,CUST004,PRD002,1,70000,70000,45000,25000
TRX-202603-1586,2026-03-25,CUST001,PRD012,8,48000,384000,256000,128000
TRX-202603-1586,2026-03-25,CUST001,PRD006,2,110000,220000,150000,70000
TRX-202603-1586,2026-03-25,CUST001,PRD003,1,130000,130000,85000,45000
TRX-202603-1587,2026-03-25,CUST006,PRD011,1,35000,35000,22000,13000
TRX-202603-1587,2026-03-25,CUST006,PRD009,1,52000,52000,35000,17000
TRX-202603-1588,2026-03-26,CUST001,PRD002,4,70000,280000,180000,100000
TRX-202603-1589,2026-03-26,CUST007,PRD006,7,110000,770000,525000,245000
TRX-202603-1589,2026-03-26,CUST007,PRD012,3,48000,144000,96000,48000
TRX-202603-1589,2026-03-26,CUST007,PRD003,1,130000,130000,85000,45000
TRX-202603-1590,2026-03-26,CUST003,PRD012,4,48000,192000,128000,64000
TRX-202603-1590,2026-03-26,CUST003,PRD011,6,35000,210000,132000,78000
TRX-202603-1590,2026-03-26,CUST003,PRD008,3,40000,120000,84000,36000
TRX-202603-1591,2026-03-27,CUST007,PRD009,6,52000,312000,210000,102000
TRX-202603-1592,2026-03-27,CUST001,PRD007,1,225000,225000,180000,45000
TRX-202603-1592,2026-03-27,CUST001,PRD002,8,70000,560000,360000,200000
TRX-202603-1593,2026-03-27,CUST001,PRD003,8,130000,1040000,680000,360000
TRX-202603-1593,2026-03-27,CUST001,PRD007,2,225000,450000,360000,90000
TRX-202603-1593,2026-03-27,CUST001,PRD010,3,20000,60000,36000,24000
TRX-202603-1594,2026-03-27,CUST004,PRD001,1,175000,175000,120000,55000
TRX-202603-1594,2026-03-27,CUST004,PRD002,8,70000,560000,360000,200000
TRX-202603-1595,2026-03-27,CUST002,PRD007,2,225000,450000,360000,90000
TRX-202603-1596,2026-03-28,CUST004,PRD003,1,130000,130000,85000,45000
TRX-202603-1596,2026-03-28,CUST004,PRD012,2,48000,96000,64000,32000
TRX-202603-1596,2026-03-28,CUST004,PRD011,5,35000,175000,110000,65000
TRX-202603-1597,2026-03-28,CUST005,PRD006,3,110000,330000,225000,105000
TRX-202603-1598,2026-03-28,CUST003,PRD012,6,48000,288000,192000,96000
TRX-202603-1599,2026-03-29,CUST002,PRD001,8,175000,1400000,960000,440000
TRX-202603-1600,2026-03-29,CUST006,PRD009,5,52000,260000,175000,85000
TRX-202603-1601,2026-03-29,CUST002,PRD009,1,52000,52000,35000,17000
TRX-202603-1601,2026-03-29,CUST002,PRD006,2,110000,220000,150000,70000
TRX-202603-1601,2026-03-29,CUST002,PRD003,4,130000,520000,340000,180000
TRX-202603-1602,2026-03-29,CUST007,PRD007,1,225000,225000,180000,45000
TRX-202603-1603,2026-03-30,CUST006,PRD007,1,225000,225000,180000,45000
TRX-202603-1603,2026-03-30,CUST006,PRD005,2,105000,210000,140000,70000
TRX-202603-1604,2026-03-30,CUST007,PRD004,8,105000,840000,560000,280000
TRX-202603-1604,2026-03-30,CUST007,PRD010,8,20000,160000,96000,64000
TRX-202603-1604,2026-03-30,CUST007,PRD006,6,110000,660000,450000,210000
TRX-202603-1605,2026-03-31,CUST007,PRD010,8,20000,160000,96000,64000
TRX-202603-1606,2026-03-31,CUST004,PRD003,7,130000,910000,595000,315000
TRX-202603-1607,2026-03-31,CUST008,PRD004,3,105000,315000,210000,105000
TRX-202603-1607,2026-03-31,CUST008,PRD002,3,70000,210000,135000,75000
TRX-202603-1608,2026-03-31,CUST008,PRD007,8,225000,1800000,1440000,360000
TRX-202603-1608,2026-03-31,CUST008,PRD011,6,35000,210000,132000,78000
TRX-202603-1608,2026-03-31,CUST008,PRD001,8,175000,1400000,960000,440000
TRX-202603-1609,2026-03-31,CUST007,PRD004,4,105000,420000,280000,140000
TRX-202603-1609,2026-03-31,CUST007,PRD011,5,35000,175000,110000,65000
TRX-202604-1610,2026-04-01,CUST008,PRD008,1,40000,40000,28000,12000
TRX-202604-1610,2026-04-01,CUST008,PRD001,1,175000,175000,120000,55000
TRX-202604-1611,2026-04-01,CUST003,PRD009,7,52000,364000,245000,119000
TRX-202604-1611,2026-04-01,CUST003,PRD008,5,40000,200000,140000,60000
TRX-202604-1612,2026-04-01,CUST005,PRD011,7,35000,245000,154000,91000
TRX-202604-1612,2026-04-01,CUST005,PRD007,5,225000,1125000,900000,225000
TRX-202604-1612,2026-04-01,CUST005,PRD008,8,40000,320000,224000,96000
TRX-202604-1613,2026-04-01,CUST008,PRD002,4,70000,280000,180000,100000
TRX-202604-1613,2026-04-01,CUST008,PRD007,7,225000,1575000,1260000,315000
TRX-202604-1614,2026-04-02,CUST007,PRD006,4,110000,440000,300000,140000
TRX-202604-1615,2026-04-02,CUST001,PRD006,1,110000,110000,75000,35000
TRX-202604-1615,2026-04-02,CUST001,PRD010,3,20000,60000,36000,24000
TRX-202604-1615,2026-04-02,CUST001,PRD008,6,40000,240000,168000,72000
TRX-202604-1616,2026-04-02,CUST006,PRD003,3,130000,390000,255000,135000
TRX-202604-1617,2026-04-03,CUST005,PRD005,2,105000,210000,140000,70000
TRX-202604-1618,2026-04-03,CUST007,PRD010,4,20000,80000,48000,32000
TRX-202604-1618,2026-04-03,CUST007,PRD012,5,48000,240000,160000,80000
TRX-202604-1618,2026-04-03,CUST007,PRD004,5,105000,525000,350000,175000
TRX-202604-1619,2026-04-03,CUST008,PRD004,5,105000,525000,350000,175000
TRX-202604-1619,2026-04-03,CUST008,PRD010,7,20000,140000,84000,56000
TRX-202604-1620,2026-04-03,CUST005,PRD009,3,52000,156000,105000,51000
TRX-202604-1621,2026-04-04,CUST003,PRD008,1,40000,40000,28000,12000
TRX-202604-1622,2026-04-04,CUST008,PRD005,6,105000,630000,420000,210000
TRX-202604-1622,2026-04-04,CUST008,PRD009,4,52000,208000,140000,68000
TRX-202604-1623,2026-04-05,CUST002,PRD002,4,70000,280000,180000,100000
TRX-202604-1624,2026-04-05,CUST008,PRD007,7,225000,1575000,1260000,315000
TRX-202604-1624,2026-04-05,CUST008,PRD006,4,110000,440000,300000,140000
TRX-202604-1625,2026-04-05,CUST006,PRD006,1,110000,110000,75000,35000
TRX-202604-1625,2026-04-05,CUST006,PRD011,7,35000,245000,154000,91000
TRX-202604-1625,2026-04-05,CUST006,PRD008,2,40000,80000,56000,24000
TRX-202604-1626,2026-04-05,CUST004,PRD005,6,105000,630000,420000,210000
TRX-202604-1627,2026-04-06,CUST007,PRD011,2,35000,70000,44000,26000
TRX-202604-1628,2026-04-06,CUST001,PRD004,8,105000,840000,560000,280000
TRX-202604-1628,2026-04-06,CUST001,PRD011,7,35000,245000,154000,91000
TRX-202604-1629,2026-04-06,CUST007,PRD001,6,175000,1050000,720000,330000
TRX-202604-1629,2026-04-06,CUST007,PRD012,3,48000,144000,96000,48000
TRX-202604-1629,2026-04-06,CUST007,PRD009,5,52000,260000,175000,85000
TRX-202604-1630,2026-04-06,CUST007,PRD001,8,175000,1400000,960000,440000
TRX-202604-1630,2026-04-06,CUST007,PRD003,8,130000,1040000,680000,360000
TRX-202604-1630,2026-04-06,CUST007,PRD002,5,70000,350000,225000,125000
TRX-202604-1631,2026-04-07,CUST003,PRD004,1,105000,105000,70000,35000
TRX-202604-1631,2026-04-07,CUST003,PRD001,3,175000,525000,360000,165000
TRX-202604-1631,2026-04-07,CUST003,PRD003,6,130000,780000,510000,270000
TRX-202604-1632,2026-04-07,CUST007,PRD002,1,70000,70000,45000,25000
TRX-202604-1632,2026-04-07,CUST007,PRD004,4,105000,420000,280000,140000
TRX-202604-1632,2026-04-07,CUST007,PRD011,1,35000,35000,22000,13000
TRX-202604-1633,2026-04-07,CUST004,PRD005,7,105000,735000,490000,245000
TRX-202604-1634,2026-04-08,CUST004,PRD010,8,20000,160000,96000,64000
TRX-202604-1634,2026-04-08,CUST004,PRD009,3,52000,156000,105000,51000
TRX-202604-1634,2026-04-08,CUST004,PRD005,4,105000,420000,280000,140000
TRX-202604-1635,2026-04-08,CUST001,PRD005,3,105000,315000,210000,105000
TRX-202604-1636,2026-04-08,CUST001,PRD009,5,52000,260000,175000,85000
TRX-202604-1637,2026-04-09,CUST006,PRD007,3,225000,675000,540000,135000
TRX-202604-1637,2026-04-09,CUST006,PRD002,5,70000,350000,225000,125000
TRX-202604-1638,2026-04-09,CUST001,PRD006,4,110000,440000,300000,140000
TRX-202604-1638,2026-04-09,CUST001,PRD011,8,35000,280000,176000,104000
TRX-202604-1639,2026-04-09,CUST003,PRD008,6,40000,240000,168000,72000
TRX-202604-1639,2026-04-09,CUST003,PRD011,2,35000,70000,44000,26000
TRX-202604-1639,2026-04-09,CUST003,PRD003,3,130000,390000,255000,135000
TRX-202604-1640,2026-04-09,CUST003,PRD010,6,20000,120000,72000,48000
TRX-202604-1640,2026-04-09,CUST003,PRD001,7,175000,1225000,840000,385000
TRX-202604-1641,2026-04-09,CUST007,PRD005,3,105000,315000,210000,105000
TRX-202604-1641,2026-04-09,CUST007,PRD012,4,48000,192000,128000,64000
TRX-202604-1641,2026-04-09,CUST007,PRD009,8,52000,416000,280000,136000
TRX-202604-1642,2026-04-10,CUST008,PRD012,4,48000,192000,128000,64000
TRX-202604-1642,2026-04-10,CUST008,PRD001,3,175000,525000,360000,165000
TRX-202604-1643,2026-04-10,CUST006,PRD010,5,20000,100000,60000,40000
TRX-202604-1644,2026-04-11,CUST007,PRD004,1,105000,105000,70000,35000
TRX-202604-1645,2026-04-11,CUST004,PRD005,5,105000,525000,350000,175000
TRX-202604-1646,2026-04-11,CUST005,PRD001,8,175000,1400000,960000,440000
TRX-202604-1646,2026-04-11,CUST005,PRD005,6,105000,630000,420000,210000
TRX-202604-1647,2026-04-11,CUST001,PRD008,3,40000,120000,84000,36000
TRX-202604-1647,2026-04-11,CUST001,PRD001,1,175000,175000,120000,55000
TRX-202604-1648,2026-04-12,CUST008,PRD008,3,40000,120000,84000,36000
TRX-202604-1648,2026-04-12,CUST008,PRD006,3,110000,330000,225000,105000
TRX-202604-1649,2026-04-12,CUST006,PRD003,2,130000,260000,170000,90000
TRX-202604-1649,2026-04-12,CUST006,PRD001,7,175000,1225000,840000,385000
TRX-202604-1649,2026-04-12,CUST006,PRD007,6,225000,1350000,1080000,270000
TRX-202604-1650,2026-04-12,CUST002,PRD010,3,20000,60000,36000,24000
TRX-202604-1651,2026-04-13,CUST005,PRD003,7,130000,910000,595000,315000
TRX-202604-1651,2026-04-13,CUST005,PRD001,2,175000,350000,240000,110000
TRX-202604-1651,2026-04-13,CUST005,PRD007,6,225000,1350000,1080000,270000
TRX-202604-1652,2026-04-13,CUST005,PRD009,6,52000,312000,210000,102000
TRX-202604-1652,2026-04-13,CUST005,PRD001,2,175000,350000,240000,110000
TRX-202604-1652,2026-04-13,CUST005,PRD012,4,48000,192000,128000,64000
TRX-202604-1653,2026-04-13,CUST004,PRD002,1,70000,70000,45000,25000
TRX-202604-1653,2026-04-13,CUST004,PRD004,1,105000,105000,70000,35000
TRX-202604-1653,2026-04-13,CUST004,PRD009,5,52000,260000,175000,85000
TRX-202604-1654,2026-04-14,CUST005,PRD002,2,70000,140000,90000,50000
TRX-202604-1655,2026-04-14,CUST006,PRD009,1,52000,52000,35000,17000
TRX-202604-1655,2026-04-14,CUST006,PRD012,7,48000,336000,224000,112000
TRX-202604-1656,2026-04-14,CUST005,PRD003,1,130000,130000,85000,45000
TRX-202604-1656,2026-04-14,CUST005,PRD011,1,35000,35000,22000,13000
TRX-202604-1657,2026-04-14,CUST007,PRD010,8,20000,160000,96000,64000
TRX-202604-1658,2026-04-14,CUST008,PRD009,6,52000,312000,210000,102000
TRX-202604-1658,2026-04-14,CUST008,PRD008,6,40000,240000,168000,72000
TRX-202604-1658,2026-04-14,CUST008,PRD004,7,105000,735000,490000,245000
TRX-202604-1659,2026-04-15,CUST002,PRD012,2,48000,96000,64000,32000
TRX-202604-1659,2026-04-15,CUST002,PRD008,2,40000,80000,56000,24000
TRX-202604-1660,2026-04-15,CUST008,PRD008,5,40000,200000,140000,60000
TRX-202604-1660,2026-04-15,CUST008,PRD003,2,130000,260000,170000,90000
TRX-202604-1660,2026-04-15,CUST008,PRD007,3,225000,675000,540000,135000
TRX-202604-1661,2026-04-15,CUST004,PRD012,1,48000,48000,32000,16000
TRX-202604-1662,2026-04-16,CUST001,PRD009,7,52000,364000,245000,119000
TRX-202604-1662,2026-04-16,CUST001,PRD003,3,130000,390000,255000,135000
TRX-202604-1663,2026-04-16,CUST001,PRD008,7,40000,280000,196000,84000
TRX-202604-1664,2026-04-16,CUST007,PRD008,7,40000,280000,196000,84000
TRX-202604-1665,2026-04-17,CUST005,PRD001,2,175000,350000,240000,110000
TRX-202604-1666,2026-04-17,CUST004,PRD011,3,35000,105000,66000,39000
TRX-202604-1667,2026-04-17,CUST004,PRD012,3,48000,144000,96000,48000
TRX-202604-1668,2026-04-17,CUST002,PRD009,6,52000,312000,210000,102000
TRX-202604-1668,2026-04-17,CUST002,PRD012,3,48000,144000,96000,48000
TRX-202604-1668,2026-04-17,CUST002,PRD004,8,105000,840000,560000,280000
TRX-202604-1669,2026-04-17,CUST002,PRD008,7,40000,280000,196000,84000
TRX-202604-1669,2026-04-17,CUST002,PRD006,8,110000,880000,600000,280000
TRX-202604-1669,2026-04-17,CUST002,PRD001,8,175000,1400000,960000,440000
TRX-202604-1670,2026-04-18,CUST007,PRD009,5,52000,260000,175000,85000
TRX-202604-1670,2026-04-18,CUST007,PRD011,6,35000,210000,132000,78000
TRX-202604-1670,2026-04-18,CUST007,PRD004,8,105000,840000,560000,280000
TRX-202604-1671,2026-04-18,CUST003,PRD011,7,35000,245000,154000,91000
TRX-202604-1671,2026-04-18,CUST003,PRD001,7,175000,1225000,840000,385000
TRX-202604-1671,2026-04-18,CUST003,PRD003,6,130000,780000,510000,270000
TRX-202604-1672,2026-04-18,CUST007,PRD007,6,225000,1350000,1080000,270000
TRX-202604-1672,2026-04-18,CUST007,PRD003,2,130000,260000,170000,90000
TRX-202604-1672,2026-04-18,CUST007,PRD010,3,20000,60000,36000,24000
TRX-202604-1673,2026-04-18,CUST006,PRD004,3,105000,315000,210000,105000
TRX-202604-1673,2026-04-18,CUST006,PRD005,6,105000,630000,420000,210000
TRX-202604-1674,2026-04-19,CUST008,PRD011,8,35000,280000,176000,104000
TRX-202604-1674,2026-04-19,CUST008,PRD012,5,48000,240000,160000,80000
TRX-202604-1675,2026-04-19,CUST006,PRD010,7,20000,140000,84000,56000
TRX-202604-1675,2026-04-19,CUST006,PRD012,5,48000,240000,160000,80000
TRX-202604-1675,2026-04-19,CUST006,PRD005,2,105000,210000,140000,70000
TRX-202604-1676,2026-04-20,CUST007,PRD006,3,110000,330000,225000,105000
TRX-202604-1677,2026-04-20,CUST002,PRD003,7,130000,910000,595000,315000
TRX-202604-1678,2026-04-20,CUST003,PRD001,7,175000,1225000,840000,385000
TRX-202604-1678,2026-04-20,CUST003,PRD007,5,225000,1125000,900000,225000
TRX-202604-1679,2026-04-21,CUST005,PRD002,7,70000,490000,315000,175000
TRX-202604-1679,2026-04-21,CUST005,PRD009,4,52000,208000,140000,68000
TRX-202604-1679,2026-04-21,CUST005,PRD006,1,110000,110000,75000,35000
TRX-202604-1680,2026-04-21,CUST003,PRD006,1,110000,110000,75000,35000
TRX-202604-1680,2026-04-21,CUST003,PRD001,1,175000,175000,120000,55000
TRX-202604-1681,2026-04-21,CUST004,PRD011,6,35000,210000,132000,78000
TRX-202604-1682,2026-04-21,CUST007,PRD007,6,225000,1350000,1080000,270000
TRX-202604-1682,2026-04-21,CUST007,PRD002,4,70000,280000,180000,100000
TRX-202604-1682,2026-04-21,CUST007,PRD010,1,20000,20000,12000,8000
TRX-202604-1683,2026-04-21,CUST006,PRD005,5,105000,525000,350000,175000
TRX-202604-1683,2026-04-21,CUST006,PRD002,4,70000,280000,180000,100000
TRX-202604-1684,2026-04-22,CUST005,PRD005,3,105000,315000,210000,105000
TRX-202604-1684,2026-04-22,CUST005,PRD012,1,48000,48000,32000,16000
TRX-202604-1685,2026-04-22,CUST007,PRD005,6,105000,630000,420000,210000
TRX-202604-1685,2026-04-22,CUST007,PRD011,7,35000,245000,154000,91000
TRX-202604-1686,2026-04-22,CUST007,PRD003,1,130000,130000,85000,45000
TRX-202604-1686,2026-04-22,CUST007,PRD005,7,105000,735000,490000,245000
TRX-202604-1687,2026-04-23,CUST008,PRD008,5,40000,200000,140000,60000
TRX-202604-1687,2026-04-23,CUST008,PRD007,5,225000,1125000,900000,225000
TRX-202604-1688,2026-04-23,CUST006,PRD010,7,20000,140000,84000,56000
TRX-202604-1688,2026-04-23,CUST006,PRD004,6,105000,630000,420000,210000
TRX-202604-1689,2026-04-23,CUST003,PRD004,4,105000,420000,280000,140000
TRX-202604-1690,2026-04-23,CUST006,PRD008,2,40000,80000,56000,24000
TRX-202604-1691,2026-04-24,CUST006,PRD006,6,110000,660000,450000,210000
TRX-202604-1691,2026-04-24,CUST006,PRD011,3,35000,105000,66000,39000
TRX-202604-1691,2026-04-24,CUST006,PRD012,3,48000,144000,96000,48000
TRX-202604-1692,2026-04-24,CUST005,PRD011,6,35000,210000,132000,78000
TRX-202604-1693,2026-04-24,CUST003,PRD006,2,110000,220000,150000,70000
TRX-202604-1693,2026-04-24,CUST003,PRD002,6,70000,420000,270000,150000
TRX-202604-1693,2026-04-24,CUST003,PRD007,8,225000,1800000,1440000,360000
TRX-202604-1694,2026-04-25,CUST002,PRD002,5,70000,350000,225000,125000
TRX-202604-1694,2026-04-25,CUST002,PRD006,8,110000,880000,600000,280000
TRX-202604-1695,2026-04-25,CUST004,PRD005,4,105000,420000,280000,140000
TRX-202604-1695,2026-04-25,CUST004,PRD010,1,20000,20000,12000,8000
TRX-202604-1696,2026-04-25,CUST006,PRD008,1,40000,40000,28000,12000
TRX-202604-1697,2026-04-25,CUST004,PRD002,4,70000,280000,180000,100000
TRX-202604-1698,2026-04-26,CUST003,PRD011,6,35000,210000,132000,78000
TRX-202604-1698,2026-04-26,CUST003,PRD002,3,70000,210000,135000,75000
TRX-202604-1699,2026-04-26,CUST002,PRD012,7,48000,336000,224000,112000
TRX-202604-1699,2026-04-26,CUST002,PRD005,6,105000,630000,420000,210000
TRX-202604-1700,2026-04-26,CUST004,PRD012,8,48000,384000,256000,128000
TRX-202604-1700,2026-04-26,CUST004,PRD004,1,105000,105000,70000,35000
TRX-202604-1701,2026-04-26,CUST002,PRD010,7,20000,140000,84000,56000
TRX-202604-1701,2026-04-26,CUST002,PRD002,8,70000,560000,360000,200000
TRX-202604-1701,2026-04-26,CUST002,PRD006,4,110000,440000,300000,140000
TRX-202604-1702,2026-04-26,CUST005,PRD007,2,225000,450000,360000,90000
TRX-202604-1702,2026-04-26,CUST005,PRD008,8,40000,320000,224000,96000
TRX-202604-1703,2026-04-27,CUST001,PRD010,8,20000,160000,96000,64000
TRX-202604-1703,2026-04-27,CUST001,PRD009,4,52000,208000,140000,68000
TRX-202604-1703,2026-04-27,CUST001,PRD006,1,110000,110000,75000,35000
TRX-202604-1704,2026-04-27,CUST004,PRD012,2,48000,96000,64000,32000
TRX-202604-1704,2026-04-27,CUST004,PRD006,2,110000,220000,150000,70000
TRX-202604-1704,2026-04-27,CUST004,PRD003,7,130000,910000,595000,315000
TRX-202604-1705,2026-04-28,CUST001,PRD003,2,130000,260000,170000,90000
TRX-202604-1706,2026-04-28,CUST008,PRD010,2,20000,40000,24000,16000
TRX-202604-1706,2026-04-28,CUST008,PRD008,3,40000,120000,84000,36000
TRX-202604-1706,2026-04-28,CUST008,PRD009,5,52000,260000,175000,85000
TRX-202604-1707,2026-04-29,CUST004,PRD009,2,52000,104000,70000,34000
TRX-202604-1707,2026-04-29,CUST004,PRD006,2,110000,220000,150000,70000
TRX-202604-1707,2026-04-29,CUST004,PRD007,4,225000,900000,720000,180000
TRX-202604-1708,2026-04-29,CUST008,PRD002,1,70000,70000,45000,25000
TRX-202604-1708,2026-04-29,CUST008,PRD005,1,105000,105000,70000,35000
TRX-202604-1708,2026-04-29,CUST008,PRD006,3,110000,330000,225000,105000
TRX-202604-1709,2026-04-30,CUST007,PRD012,2,48000,96000,64000,32000
TRX-202604-1710,2026-04-30,CUST002,PRD004,1,105000,105000,70000,35000
TRX-202604-1710,2026-04-30,CUST002,PRD010,4,20000,80000,48000,32000
TRX-202604-1710,2026-04-30,CUST002,PRD002,3,70000,210000,135000,75000
TRX-202604-1711,2026-04-30,CUST008,PRD003,6,130000,780000,510000,270000
TRX-202604-1711,2026-04-30,CUST008,PRD011,6,35000,210000,132000,78000
TRX-202605-1712,2026-05-01,CUST004,PRD007,8,225000,1800000,1440000,360000
TRX-202605-1712,2026-05-01,CUST004,PRD003,2,130000,260000,170000,90000
TRX-202605-1713,2026-05-01,CUST004,PRD006,7,110000,770000,525000,245000
TRX-202605-1713,2026-05-01,CUST004,PRD009,4,52000,208000,140000,68000
TRX-202605-1713,2026-05-01,CUST004,PRD010,4,20000,80000,48000,32000
TRX-202605-1714,2026-05-01,CUST006,PRD010,1,20000,20000,12000,8000
TRX-202605-1715,2026-05-01,CUST001,PRD006,7,110000,770000,525000,245000
TRX-202605-1715,2026-05-01,CUST001,PRD009,2,52000,104000,70000,34000
TRX-202605-1715,2026-05-01,CUST001,PRD012,6,48000,288000,192000,96000
TRX-202605-1716,2026-05-01,CUST005,PRD011,2,35000,70000,44000,26000
TRX-202605-1716,2026-05-01,CUST005,PRD004,6,105000,630000,420000,210000
TRX-202605-1717,2026-05-02,CUST007,PRD006,4,110000,440000,300000,140000
TRX-202605-1718,2026-05-02,CUST005,PRD009,2,52000,104000,70000,34000
TRX-202605-1719,2026-05-02,CUST007,PRD005,7,105000,735000,490000,245000
TRX-202605-1719,2026-05-02,CUST007,PRD002,2,70000,140000,90000,50000
TRX-202605-1720,2026-05-02,CUST001,PRD010,8,20000,160000,96000,64000
TRX-202605-1721,2026-05-02,CUST006,PRD004,5,105000,525000,350000,175000
TRX-202605-1721,2026-05-02,CUST006,PRD006,7,110000,770000,525000,245000
TRX-202605-1721,2026-05-02,CUST006,PRD009,5,52000,260000,175000,85000
TRX-202605-1722,2026-05-03,CUST004,PRD010,7,20000,140000,84000,56000
TRX-202605-1723,2026-05-03,CUST001,PRD008,5,40000,200000,140000,60000
TRX-202605-1723,2026-05-03,CUST001,PRD007,1,225000,225000,180000,45000
TRX-202605-1724,2026-05-03,CUST003,PRD009,5,52000,260000,175000,85000
TRX-202605-1725,2026-05-03,CUST008,PRD006,2,110000,220000,150000,70000
TRX-202605-1725,2026-05-03,CUST008,PRD012,4,48000,192000,128000,64000
TRX-202605-1726,2026-05-04,CUST004,PRD008,4,40000,160000,112000,48000
TRX-202605-1726,2026-05-04,CUST004,PRD012,4,48000,192000,128000,64000
TRX-202605-1726,2026-05-04,CUST004,PRD006,4,110000,440000,300000,140000
TRX-202605-1727,2026-05-04,CUST007,PRD008,1,40000,40000,28000,12000
TRX-202605-1727,2026-05-04,CUST007,PRD012,5,48000,240000,160000,80000
TRX-202605-1728,2026-05-04,CUST002,PRD012,1,48000,48000,32000,16000
TRX-202605-1729,2026-05-04,CUST001,PRD002,7,70000,490000,315000,175000
TRX-202605-1729,2026-05-04,CUST001,PRD006,1,110000,110000,75000,35000
TRX-202605-1729,2026-05-04,CUST001,PRD004,3,105000,315000,210000,105000
TRX-202605-1730,2026-05-04,CUST003,PRD003,5,130000,650000,425000,225000
TRX-202605-1730,2026-05-04,CUST003,PRD006,3,110000,330000,225000,105000
TRX-202605-1731,2026-05-05,CUST003,PRD006,2,110000,220000,150000,70000
TRX-202605-1731,2026-05-05,CUST003,PRD004,1,105000,105000,70000,35000
TRX-202605-1732,2026-05-05,CUST008,PRD010,3,20000,60000,36000,24000
TRX-202605-1732,2026-05-05,CUST008,PRD005,3,105000,315000,210000,105000
TRX-202605-1732,2026-05-05,CUST008,PRD002,5,70000,350000,225000,125000
TRX-202605-1733,2026-05-05,CUST008,PRD010,8,20000,160000,96000,64000
TRX-202605-1734,2026-05-06,CUST005,PRD009,2,52000,104000,70000,34000
TRX-202605-1734,2026-05-06,CUST005,PRD007,7,225000,1575000,1260000,315000
TRX-202605-1735,2026-05-06,CUST004,PRD008,1,40000,40000,28000,12000
TRX-202605-1736,2026-05-06,CUST003,PRD007,1,225000,225000,180000,45000
TRX-202605-1736,2026-05-06,CUST003,PRD008,3,40000,120000,84000,36000
TRX-202605-1736,2026-05-06,CUST003,PRD003,1,130000,130000,85000,45000
TRX-202605-1737,2026-05-07,CUST008,PRD010,8,20000,160000,96000,64000
TRX-202605-1738,2026-05-07,CUST002,PRD001,8,175000,1400000,960000,440000
TRX-202605-1739,2026-05-08,CUST008,PRD008,5,40000,200000,140000,60000
TRX-202605-1740,2026-05-08,CUST005,PRD007,1,225000,225000,180000,45000
TRX-202605-1741,2026-05-09,CUST003,PRD010,4,20000,80000,48000,32000
TRX-202605-1741,2026-05-09,CUST003,PRD001,3,175000,525000,360000,165000
TRX-202605-1742,2026-05-09,CUST007,PRD011,2,35000,70000,44000,26000
TRX-202605-1742,2026-05-09,CUST007,PRD006,4,110000,440000,300000,140000
TRX-202605-1742,2026-05-09,CUST007,PRD012,3,48000,144000,96000,48000
TRX-202605-1743,2026-05-09,CUST008,PRD002,8,70000,560000,360000,200000
TRX-202605-1743,2026-05-09,CUST008,PRD011,5,35000,175000,110000,65000
TRX-202605-1744,2026-05-09,CUST001,PRD003,6,130000,780000,510000,270000
TRX-202605-1744,2026-05-09,CUST001,PRD005,6,105000,630000,420000,210000
TRX-202605-1744,2026-05-09,CUST001,PRD006,2,110000,220000,150000,70000
TRX-202605-1745,2026-05-09,CUST007,PRD003,2,130000,260000,170000,90000
TRX-202605-1746,2026-05-10,CUST001,PRD009,5,52000,260000,175000,85000
TRX-202605-1747,2026-05-10,CUST005,PRD005,4,105000,420000,280000,140000
TRX-202605-1747,2026-05-10,CUST005,PRD001,8,175000,1400000,960000,440000
TRX-202605-1748,2026-05-10,CUST002,PRD002,8,70000,560000,360000,200000
TRX-202605-1748,2026-05-10,CUST002,PRD010,5,20000,100000,60000,40000
TRX-202605-1748,2026-05-10,CUST002,PRD001,3,175000,525000,360000,165000
TRX-202605-1749,2026-05-10,CUST002,PRD005,1,105000,105000,70000,35000
TRX-202605-1749,2026-05-10,CUST002,PRD001,7,175000,1225000,840000,385000
TRX-202605-1750,2026-05-10,CUST004,PRD010,3,20000,60000,36000,24000
TRX-202605-1750,2026-05-10,CUST004,PRD011,4,35000,140000,88000,52000
TRX-202605-1751,2026-05-11,CUST001,PRD006,4,110000,440000,300000,140000
TRX-202605-1751,2026-05-11,CUST001,PRD001,4,175000,700000,480000,220000
TRX-202605-1752,2026-05-11,CUST001,PRD001,1,175000,175000,120000,55000
TRX-202605-1753,2026-05-11,CUST007,PRD005,7,105000,735000,490000,245000
TRX-202605-1754,2026-05-12,CUST008,PRD012,7,48000,336000,224000,112000
TRX-202605-1754,2026-05-12,CUST008,PRD010,1,20000,20000,12000,8000
TRX-202605-1754,2026-05-12,CUST008,PRD001,6,175000,1050000,720000,330000
TRX-202605-1755,2026-05-12,CUST005,PRD002,8,70000,560000,360000,200000
TRX-202605-1755,2026-05-12,CUST005,PRD009,5,52000,260000,175000,85000
TRX-202605-1755,2026-05-12,CUST005,PRD007,7,225000,1575000,1260000,315000
TRX-202605-1756,2026-05-12,CUST004,PRD001,1,175000,175000,120000,55000
TRX-202605-1757,2026-05-12,CUST005,PRD004,2,105000,210000,140000,70000
TRX-202605-1757,2026-05-12,CUST005,PRD012,2,48000,96000,64000,32000
TRX-202605-1757,2026-05-12,CUST005,PRD007,4,225000,900000,720000,180000
TRX-202605-1758,2026-05-12,CUST008,PRD002,2,70000,140000,90000,50000
TRX-202605-1759,2026-05-13,CUST005,PRD010,7,20000,140000,84000,56000
TRX-202605-1759,2026-05-13,CUST005,PRD005,7,105000,735000,490000,245000
TRX-202605-1760,2026-05-13,CUST008,PRD012,1,48000,48000,32000,16000
TRX-202605-1761,2026-05-13,CUST002,PRD009,3,52000,156000,105000,51000
TRX-202605-1762,2026-05-13,CUST005,PRD012,2,48000,96000,64000,32000
TRX-202605-1762,2026-05-13,CUST005,PRD001,3,175000,525000,360000,165000
TRX-202605-1762,2026-05-13,CUST005,PRD003,3,130000,390000,255000,135000
TRX-202605-1763,2026-05-13,CUST004,PRD008,1,40000,40000,28000,12000
TRX-202605-1763,2026-05-13,CUST004,PRD010,3,20000,60000,36000,24000
TRX-202605-1763,2026-05-13,CUST004,PRD005,7,105000,735000,490000,245000
TRX-202605-1764,2026-05-14,CUST006,PRD009,2,52000,104000,70000,34000
TRX-202605-1765,2026-05-14,CUST007,PRD011,3,35000,105000,66000,39000
TRX-202605-1766,2026-05-14,CUST006,PRD010,5,20000,100000,60000,40000
TRX-202605-1766,2026-05-14,CUST006,PRD001,7,175000,1225000,840000,385000
TRX-202605-1767,2026-05-15,CUST002,PRD001,5,175000,875000,600000,275000
TRX-202605-1768,2026-05-15,CUST006,PRD008,7,40000,280000,196000,84000
TRX-202605-1769,2026-05-15,CUST007,PRD004,5,105000,525000,350000,175000
TRX-202605-1769,2026-05-15,CUST007,PRD005,7,105000,735000,490000,245000
TRX-202605-1770,2026-05-15,CUST001,PRD011,3,35000,105000,66000,39000
TRX-202605-1770,2026-05-15,CUST001,PRD003,8,130000,1040000,680000,360000
TRX-202605-1771,2026-05-16,CUST006,PRD012,3,48000,144000,96000,48000
TRX-202605-1772,2026-05-16,CUST008,PRD003,1,130000,130000,85000,45000
TRX-202605-1772,2026-05-16,CUST008,PRD007,7,225000,1575000,1260000,315000
TRX-202605-1772,2026-05-16,CUST008,PRD008,7,40000,280000,196000,84000
TRX-202605-1773,2026-05-16,CUST007,PRD012,3,48000,144000,96000,48000
TRX-202605-1773,2026-05-16,CUST007,PRD007,3,225000,675000,540000,135000
TRX-202605-1774,2026-05-17,CUST005,PRD003,4,130000,520000,340000,180000
TRX-202605-1775,2026-05-17,CUST006,PRD004,1,105000,105000,70000,35000
TRX-202605-1775,2026-05-17,CUST006,PRD005,5,105000,525000,350000,175000
TRX-202605-1776,2026-05-17,CUST007,PRD007,2,225000,450000,360000,90000
TRX-202605-1776,2026-05-17,CUST007,PRD009,3,52000,156000,105000,51000
TRX-202605-1776,2026-05-17,CUST007,PRD003,2,130000,260000,170000,90000
TRX-202605-1777,2026-05-17,CUST006,PRD007,6,225000,1350000,1080000,270000
TRX-202605-1777,2026-05-17,CUST006,PRD005,3,105000,315000,210000,105000
TRX-202605-1777,2026-05-17,CUST006,PRD010,6,20000,120000,72000,48000
TRX-202605-1778,2026-05-17,CUST005,PRD003,5,130000,650000,425000,225000
TRX-202605-1778,2026-05-17,CUST005,PRD001,5,175000,875000,600000,275000
TRX-202605-1778,2026-05-17,CUST005,PRD007,2,225000,450000,360000,90000
TRX-202605-1779,2026-05-18,CUST007,PRD001,5,175000,875000,600000,275000
TRX-202605-1779,2026-05-18,CUST007,PRD007,1,225000,225000,180000,45000
TRX-202605-1779,2026-05-18,CUST007,PRD011,6,35000,210000,132000,78000
TRX-202605-1780,2026-05-18,CUST002,PRD001,3,175000,525000,360000,165000
TRX-202605-1781,2026-05-18,CUST002,PRD006,5,110000,550000,375000,175000
TRX-202605-1782,2026-05-18,CUST004,PRD012,3,48000,144000,96000,48000
TRX-202605-1782,2026-05-18,CUST004,PRD005,4,105000,420000,280000,140000
TRX-202605-1782,2026-05-18,CUST004,PRD002,1,70000,70000,45000,25000
TRX-202605-1783,2026-05-19,CUST002,PRD005,1,105000,105000,70000,35000
TRX-202605-1784,2026-05-19,CUST001,PRD005,8,105000,840000,560000,280000
TRX-202605-1785,2026-05-20,CUST008,PRD006,2,110000,220000,150000,70000
TRX-202605-1785,2026-05-20,CUST008,PRD012,2,48000,96000,64000,32000
TRX-202605-1785,2026-05-20,CUST008,PRD001,4,175000,700000,480000,220000
TRX-202605-1786,2026-05-20,CUST008,PRD004,3,105000,315000,210000,105000
TRX-202605-1786,2026-05-20,CUST008,PRD006,2,110000,220000,150000,70000
TRX-202605-1787,2026-05-20,CUST001,PRD003,8,130000,1040000,680000,360000
TRX-202605-1787,2026-05-20,CUST001,PRD009,1,52000,52000,35000,17000
TRX-202605-1788,2026-05-20,CUST008,PRD008,1,40000,40000,28000,12000
TRX-202605-1789,2026-05-21,CUST004,PRD008,7,40000,280000,196000,84000
TRX-202605-1790,2026-05-21,CUST002,PRD003,5,130000,650000,425000,225000
TRX-202605-1791,2026-05-21,CUST001,PRD012,6,48000,288000,192000,96000
TRX-202605-1791,2026-05-21,CUST001,PRD009,8,52000,416000,280000,136000
TRX-202605-1791,2026-05-21,CUST001,PRD006,1,110000,110000,75000,35000
TRX-202605-1792,2026-05-21,CUST001,PRD011,5,35000,175000,110000,65000
TRX-202605-1793,2026-05-22,CUST002,PRD010,4,20000,80000,48000,32000
TRX-202605-1793,2026-05-22,CUST002,PRD002,6,70000,420000,270000,150000
TRX-202605-1794,2026-05-22,CUST003,PRD006,1,110000,110000,75000,35000
TRX-202605-1795,2026-05-22,CUST002,PRD005,7,105000,735000,490000,245000
TRX-202605-1795,2026-05-22,CUST002,PRD003,2,130000,260000,170000,90000
TRX-202605-1796,2026-05-22,CUST001,PRD001,4,175000,700000,480000,220000
TRX-202605-1796,2026-05-22,CUST001,PRD004,6,105000,630000,420000,210000
TRX-202605-1797,2026-05-23,CUST001,PRD004,3,105000,315000,210000,105000
TRX-202605-1797,2026-05-23,CUST001,PRD001,2,175000,350000,240000,110000
TRX-202605-1798,2026-05-23,CUST006,PRD007,8,225000,1800000,1440000,360000
TRX-202605-1799,2026-05-24,CUST002,PRD008,6,40000,240000,168000,72000
TRX-202605-1799,2026-05-24,CUST002,PRD004,6,105000,630000,420000,210000
TRX-202605-1800,2026-05-24,CUST002,PRD009,2,52000,104000,70000,34000
TRX-202605-1801,2026-05-24,CUST008,PRD006,3,110000,330000,225000,105000
TRX-202605-1801,2026-05-24,CUST008,PRD002,4,70000,280000,180000,100000
TRX-202605-1802,2026-05-24,CUST006,PRD008,6,40000,240000,168000,72000
TRX-202605-1802,2026-05-24,CUST006,PRD009,6,52000,312000,210000,102000
TRX-202605-1802,2026-05-24,CUST006,PRD002,5,70000,350000,225000,125000
TRX-202605-1803,2026-05-24,CUST003,PRD011,8,35000,280000,176000,104000
TRX-202605-1803,2026-05-24,CUST003,PRD001,3,175000,525000,360000,165000
TRX-202605-1804,2026-05-25,CUST004,PRD011,4,35000,140000,88000,52000
TRX-202605-1804,2026-05-25,CUST004,PRD001,2,175000,350000,240000,110000
TRX-202605-1805,2026-05-25,CUST008,PRD005,1,105000,105000,70000,35000
TRX-202605-1805,2026-05-25,CUST008,PRD004,3,105000,315000,210000,105000
TRX-202605-1806,2026-05-25,CUST008,PRD002,6,70000,420000,270000,150000
TRX-202605-1806,2026-05-25,CUST008,PRD005,8,105000,840000,560000,280000
TRX-202605-1807,2026-05-25,CUST003,PRD001,3,175000,525000,360000,165000
TRX-202605-1807,2026-05-25,CUST003,PRD003,6,130000,780000,510000,270000
TRX-202605-1808,2026-05-25,CUST005,PRD011,7,35000,245000,154000,91000
TRX-202605-1808,2026-05-25,CUST005,PRD009,3,52000,156000,105000,51000
TRX-202605-1809,2026-05-26,CUST006,PRD003,7,130000,910000,595000,315000
TRX-202605-1809,2026-05-26,CUST006,PRD004,8,105000,840000,560000,280000
TRX-202605-1809,2026-05-26,CUST006,PRD009,1,52000,52000,35000,17000
TRX-202605-1810,2026-05-26,CUST007,PRD012,7,48000,336000,224000,112000
TRX-202605-1810,2026-05-26,CUST007,PRD001,4,175000,700000,480000,220000
TRX-202605-1810,2026-05-26,CUST007,PRD005,3,105000,315000,210000,105000
TRX-202605-1811,2026-05-26,CUST001,PRD006,5,110000,550000,375000,175000
TRX-202605-1811,2026-05-26,CUST001,PRD012,1,48000,48000,32000,16000
TRX-202605-1811,2026-05-26,CUST001,PRD004,6,105000,630000,420000,210000
TRX-202605-1812,2026-05-27,CUST006,PRD005,7,105000,735000,490000,245000
TRX-202605-1812,2026-05-27,CUST006,PRD003,2,130000,260000,170000,90000
TRX-202605-1813,2026-05-27,CUST001,PRD009,5,52000,260000,175000,85000
TRX-202605-1814,2026-05-27,CUST003,PRD008,4,40000,160000,112000,48000
TRX-202605-1815,2026-05-27,CUST007,PRD003,3,130000,390000,255000,135000
TRX-202605-1815,2026-05-27,CUST007,PRD008,1,40000,40000,28000,12000
TRX-202605-1815,2026-05-27,CUST007,PRD004,3,105000,315000,210000,105000
TRX-202605-1816,2026-05-27,CUST003,PRD003,2,130000,260000,170000,90000
TRX-202605-1816,2026-05-27,CUST003,PRD008,2,40000,80000,56000,24000
TRX-202605-1816,2026-05-27,CUST003,PRD002,8,70000,560000,360000,200000
TRX-202605-1817,2026-05-28,CUST004,PRD003,3,130000,390000,255000,135000
TRX-202605-1817,2026-05-28,CUST004,PRD012,7,48000,336000,224000,112000
TRX-202605-1817,2026-05-28,CUST004,PRD001,1,175000,175000,120000,55000
TRX-202605-1818,2026-05-28,CUST002,PRD003,7,130000,910000,595000,315000
TRX-202605-1818,2026-05-28,CUST002,PRD011,5,35000,175000,110000,65000
TRX-202605-1819,2026-05-29,CUST007,PRD004,3,105000,315000,210000,105000
TRX-202605-1819,2026-05-29,CUST007,PRD002,5,70000,350000,225000,125000
TRX-202605-1819,2026-05-29,CUST007,PRD008,8,40000,320000,224000,96000
TRX-202605-1820,2026-05-29,CUST007,PRD009,1,52000,52000,35000,17000
TRX-202605-1821,2026-05-29,CUST004,PRD001,5,175000,875000,600000,275000
TRX-202605-1821,2026-05-29,CUST004,PRD007,1,225000,225000,180000,45000
TRX-202605-1821,2026-05-29,CUST004,PRD006,3,110000,330000,225000,105000
TRX-202605-1822,2026-05-29,CUST006,PRD012,6,48000,288000,192000,96000
TRX-202605-1822,2026-05-29,CUST006,PRD010,2,20000,40000,24000,16000
TRX-202605-1822,2026-05-29,CUST006,PRD009,4,52000,208000,140000,68000
TRX-202605-1823,2026-05-30,CUST003,PRD003,5,130000,650000,425000,225000
TRX-202605-1823,2026-05-30,CUST003,PRD009,6,52000,312000,210000,102000
TRX-202605-1824,2026-05-30,CUST004,PRD008,6,40000,240000,168000,72000
TRX-202605-1824,2026-05-30,CUST004,PRD005,1,105000,105000,70000,35000
TRX-202605-1824,2026-05-30,CUST004,PRD010,8,20000,160000,96000,64000
TRX-202605-1825,2026-05-30,CUST001,PRD009,1,52000,52000,35000,17000
TRX-202605-1825,2026-05-30,CUST001,PRD007,7,225000,1575000,1260000,315000
TRX-202605-1825,2026-05-30,CUST001,PRD005,8,105000,840000,560000,280000
TRX-202605-1826,2026-05-30,CUST006,PRD001,1,175000,175000,120000,55000
TRX-202605-1826,2026-05-30,CUST006,PRD003,1,130000,130000,85000,45000
TRX-202605-1827,2026-05-31,CUST001,PRD004,6,105000,630000,420000,210000
TRX-202605-1828,2026-05-31,CUST002,PRD003,6,130000,780000,510000,270000
TRX-202605-1829,2026-05-31,CUST006,PRD001,4,175000,700000,480000,220000
TRX-202605-1829,2026-05-31,CUST006,PRD002,6,70000,420000,270000,150000
TRX-202606-1830,2026-06-01,CUST006,PRD012,2,48000,96000,64000,32000
TRX-202606-1830,2026-06-01,CUST006,PRD009,3,52000,156000,105000,51000
TRX-202606-1830,2026-06-01,CUST006,PRD004,5,105000,525000,350000,175000
TRX-202606-1831,2026-06-01,CUST005,PRD003,1,130000,130000,85000,45000
TRX-202606-1832,2026-06-02,CUST002,PRD004,2,105000,210000,140000,70000
TRX-202606-1832,2026-06-02,CUST002,PRD008,3,40000,120000,84000,36000
TRX-202606-1832,2026-06-02,CUST002,PRD006,3,110000,330000,225000,105000
TRX-202606-1833,2026-06-02,CUST007,PRD002,2,70000,140000,90000,50000
TRX-202606-1833,2026-06-02,CUST007,PRD004,8,105000,840000,560000,280000
TRX-202606-1834,2026-06-02,CUST006,PRD012,7,48000,336000,224000,112000
TRX-202606-1835,2026-06-02,CUST003,PRD005,6,105000,630000,420000,210000
TRX-202606-1835,2026-06-02,CUST003,PRD008,3,40000,120000,84000,36000
TRX-202606-1836,2026-06-03,CUST002,PRD012,6,48000,288000,192000,96000
TRX-202606-1836,2026-06-03,CUST002,PRD004,6,105000,630000,420000,210000
TRX-202606-1837,2026-06-03,CUST001,PRD002,4,70000,280000,180000,100000
TRX-202606-1837,2026-06-03,CUST001,PRD005,3,105000,315000,210000,105000
TRX-202606-1838,2026-06-04,CUST006,PRD009,3,52000,156000,105000,51000
TRX-202606-1838,2026-06-04,CUST006,PRD002,1,70000,70000,45000,25000
TRX-202606-1838,2026-06-04,CUST006,PRD010,5,20000,100000,60000,40000
TRX-202606-1839,2026-06-04,CUST008,PRD001,8,175000,1400000,960000,440000
TRX-202606-1839,2026-06-04,CUST008,PRD007,7,225000,1575000,1260000,315000
TRX-202606-1840,2026-06-04,CUST004,PRD004,3,105000,315000,210000,105000
TRX-202606-1841,2026-06-04,CUST007,PRD002,1,70000,70000,45000,25000
TRX-202606-1841,2026-06-04,CUST007,PRD006,3,110000,330000,225000,105000
TRX-202606-1842,2026-06-05,CUST007,PRD003,3,130000,390000,255000,135000
TRX-202606-1842,2026-06-05,CUST007,PRD011,6,35000,210000,132000,78000
TRX-202606-1843,2026-06-05,CUST005,PRD011,6,35000,210000,132000,78000
TRX-202606-1844,2026-06-05,CUST006,PRD010,7,20000,140000,84000,56000
TRX-202606-1845,2026-06-05,CUST003,PRD003,6,130000,780000,510000,270000
TRX-202606-1845,2026-06-05,CUST003,PRD012,1,48000,48000,32000,16000
TRX-202606-1845,2026-06-05,CUST003,PRD011,2,35000,70000,44000,26000
TRX-202606-1846,2026-06-06,CUST001,PRD012,7,48000,336000,224000,112000
TRX-202606-1846,2026-06-06,CUST001,PRD011,3,35000,105000,66000,39000
TRX-202606-1846,2026-06-06,CUST001,PRD007,8,225000,1800000,1440000,360000
TRX-202606-1847,2026-06-06,CUST001,PRD007,7,225000,1575000,1260000,315000
TRX-202606-1848,2026-06-07,CUST003,PRD008,2,40000,80000,56000,24000
TRX-202606-1848,2026-06-07,CUST003,PRD002,4,70000,280000,180000,100000
TRX-202606-1849,2026-06-07,CUST007,PRD012,1,48000,48000,32000,16000
TRX-202606-1850,2026-06-07,CUST007,PRD009,3,52000,156000,105000,51000
TRX-202606-1851,2026-06-08,CUST003,PRD011,2,35000,70000,44000,26000
TRX-202606-1852,2026-06-08,CUST004,PRD007,2,225000,450000,360000,90000
TRX-202606-1853,2026-06-08,CUST001,PRD010,2,20000,40000,24000,16000
TRX-202606-1853,2026-06-08,CUST001,PRD005,7,105000,735000,490000,245000
TRX-202606-1853,2026-06-08,CUST001,PRD011,5,35000,175000,110000,65000
TRX-202606-1854,2026-06-08,CUST003,PRD012,2,48000,96000,64000,32000
TRX-202606-1855,2026-06-08,CUST007,PRD005,2,105000,210000,140000,70000
TRX-202606-1855,2026-06-08,CUST007,PRD012,4,48000,192000,128000,64000
TRX-202606-1856,2026-06-09,CUST001,PRD008,4,40000,160000,112000,48000
TRX-202606-1857,2026-06-09,CUST003,PRD012,1,48000,48000,32000,16000
TRX-202606-1857,2026-06-09,CUST003,PRD003,3,130000,390000,255000,135000
TRX-202606-1858,2026-06-09,CUST005,PRD004,5,105000,525000,350000,175000
TRX-202606-1858,2026-06-09,CUST005,PRD008,5,40000,200000,140000,60000
TRX-202606-1858,2026-06-09,CUST005,PRD005,2,105000,210000,140000,70000
TRX-202606-1859,2026-06-09,CUST008,PRD004,5,105000,525000,350000,175000
TRX-202606-1860,2026-06-09,CUST006,PRD006,7,110000,770000,525000,245000
TRX-202606-1860,2026-06-09,CUST006,PRD004,5,105000,525000,350000,175000
TRX-202606-1861,2026-06-10,CUST006,PRD006,3,110000,330000,225000,105000
TRX-202606-1861,2026-06-10,CUST006,PRD008,2,40000,80000,56000,24000
TRX-202606-1861,2026-06-10,CUST006,PRD005,7,105000,735000,490000,245000
TRX-202606-1862,2026-06-10,CUST005,PRD006,1,110000,110000,75000,35000
TRX-202606-1863,2026-06-10,CUST001,PRD004,2,105000,210000,140000,70000
TRX-202606-1863,2026-06-10,CUST001,PRD008,5,40000,200000,140000,60000
TRX-202606-1863,2026-06-10,CUST001,PRD009,7,52000,364000,245000,119000
TRX-202606-1864,2026-06-11,CUST004,PRD009,6,52000,312000,210000,102000
TRX-202606-1864,2026-06-11,CUST004,PRD002,5,70000,350000,225000,125000
TRX-202606-1865,2026-06-11,CUST002,PRD006,1,110000,110000,75000,35000
TRX-202606-1865,2026-06-11,CUST002,PRD009,1,52000,52000,35000,17000
TRX-202606-1865,2026-06-11,CUST002,PRD010,3,20000,60000,36000,24000
TRX-202606-1866,2026-06-11,CUST008,PRD012,2,48000,96000,64000,32000
TRX-202606-1866,2026-06-11,CUST008,PRD003,1,130000,130000,85000,45000
TRX-202606-1867,2026-06-11,CUST005,PRD001,7,175000,1225000,840000,385000
TRX-202606-1867,2026-06-11,CUST005,PRD008,1,40000,40000,28000,12000
TRX-202606-1868,2026-06-11,CUST005,PRD006,7,110000,770000,525000,245000
TRX-202606-1869,2026-06-12,CUST005,PRD010,1,20000,20000,12000,8000
TRX-202606-1870,2026-06-12,CUST008,PRD011,6,35000,210000,132000,78000
TRX-202606-1870,2026-06-12,CUST008,PRD009,4,52000,208000,140000,68000
TRX-202606-1870,2026-06-12,CUST008,PRD007,6,225000,1350000,1080000,270000
TRX-202606-1871,2026-06-12,CUST001,PRD008,7,40000,280000,196000,84000
TRX-202606-1871,2026-06-12,CUST001,PRD004,4,105000,420000,280000,140000
TRX-202606-1872,2026-06-12,CUST005,PRD003,8,130000,1040000,680000,360000
TRX-202606-1872,2026-06-12,CUST005,PRD009,7,52000,364000,245000,119000
TRX-202606-1872,2026-06-12,CUST005,PRD010,1,20000,20000,12000,8000
TRX-202606-1873,2026-06-12,CUST006,PRD006,3,110000,330000,225000,105000
TRX-202606-1873,2026-06-12,CUST006,PRD001,3,175000,525000,360000,165000
TRX-202606-1873,2026-06-12,CUST006,PRD005,2,105000,210000,140000,70000
TRX-202606-1874,2026-06-13,CUST008,PRD010,3,20000,60000,36000,24000
TRX-202606-1875,2026-06-13,CUST002,PRD010,8,20000,160000,96000,64000
TRX-202606-1875,2026-06-13,CUST002,PRD009,2,52000,104000,70000,34000
TRX-202606-1875,2026-06-13,CUST002,PRD003,3,130000,390000,255000,135000
TRX-202606-1876,2026-06-14,CUST006,PRD011,1,35000,35000,22000,13000
TRX-202606-1876,2026-06-14,CUST006,PRD012,2,48000,96000,64000,32000
TRX-202606-1877,2026-06-14,CUST005,PRD010,7,20000,140000,84000,56000
TRX-202606-1877,2026-06-14,CUST005,PRD012,8,48000,384000,256000,128000
TRX-202606-1878,2026-06-14,CUST001,PRD010,2,20000,40000,24000,16000
TRX-202606-1878,2026-06-14,CUST001,PRD003,6,130000,780000,510000,270000
TRX-202606-1879,2026-06-15,CUST007,PRD007,4,225000,900000,720000,180000
TRX-202606-1879,2026-06-15,CUST007,PRD011,2,35000,70000,44000,26000
TRX-202606-1879,2026-06-15,CUST007,PRD005,6,105000,630000,420000,210000
TRX-202606-1880,2026-06-15,CUST001,PRD007,5,225000,1125000,900000,225000
TRX-202606-1881,2026-06-16,CUST003,PRD003,3,130000,390000,255000,135000
TRX-202606-1881,2026-06-16,CUST003,PRD010,5,20000,100000,60000,40000
TRX-202606-1881,2026-06-16,CUST003,PRD007,5,225000,1125000,900000,225000
TRX-202606-1882,2026-06-16,CUST006,PRD011,1,35000,35000,22000,13000
TRX-202606-1883,2026-06-16,CUST008,PRD009,6,52000,312000,210000,102000
TRX-202606-1884,2026-06-16,CUST003,PRD011,2,35000,70000,44000,26000
TRX-202606-1884,2026-06-16,CUST003,PRD008,2,40000,80000,56000,24000
TRX-202606-1884,2026-06-16,CUST003,PRD005,7,105000,735000,490000,245000
TRX-202606-1885,2026-06-16,CUST001,PRD010,2,20000,40000,24000,16000
TRX-202606-1885,2026-06-16,CUST001,PRD011,7,35000,245000,154000,91000
TRX-202606-1886,2026-06-17,CUST005,PRD009,8,52000,416000,280000,136000
TRX-202606-1886,2026-06-17,CUST005,PRD011,1,35000,35000,22000,13000
TRX-202606-1887,2026-06-17,CUST002,PRD001,5,175000,875000,600000,275000
TRX-202606-1888,2026-06-17,CUST003,PRD003,6,130000,780000,510000,270000
TRX-202606-1888,2026-06-17,CUST003,PRD011,4,35000,140000,88000,52000
TRX-202606-1889,2026-06-18,CUST001,PRD006,7,110000,770000,525000,245000
TRX-202606-1889,2026-06-18,CUST001,PRD004,5,105000,525000,350000,175000
TRX-202606-1890,2026-06-18,CUST002,PRD009,5,52000,260000,175000,85000
TRX-202606-1890,2026-06-18,CUST002,PRD008,1,40000,40000,28000,12000
TRX-202606-1890,2026-06-18,CUST002,PRD006,4,110000,440000,300000,140000
TRX-202606-1891,2026-06-18,CUST007,PRD005,3,105000,315000,210000,105000
TRX-202606-1891,2026-06-18,CUST007,PRD009,2,52000,104000,70000,34000
TRX-202606-1891,2026-06-18,CUST007,PRD011,6,35000,210000,132000,78000
TRX-202606-1892,2026-06-18,CUST008,PRD004,6,105000,630000,420000,210000
TRX-202606-1892,2026-06-18,CUST008,PRD009,5,52000,260000,175000,85000
TRX-202606-1893,2026-06-19,CUST003,PRD009,3,52000,156000,105000,51000
TRX-202606-1893,2026-06-19,CUST003,PRD007,7,225000,1575000,1260000,315000
TRX-202606-1893,2026-06-19,CUST003,PRD003,3,130000,390000,255000,135000
TRX-202606-1894,2026-06-19,CUST001,PRD007,2,225000,450000,360000,90000
TRX-202606-1894,2026-06-19,CUST001,PRD012,8,48000,384000,256000,128000
TRX-202606-1895,2026-06-19,CUST007,PRD004,6,105000,630000,420000,210000
TRX-202606-1896,2026-06-19,CUST007,PRD010,4,20000,80000,48000,32000
TRX-202606-1896,2026-06-19,CUST007,PRD012,4,48000,192000,128000,64000
TRX-202606-1896,2026-06-19,CUST007,PRD003,6,130000,780000,510000,270000
TRX-202606-1897,2026-06-20,CUST003,PRD007,1,225000,225000,180000,45000
TRX-202606-1898,2026-06-20,CUST001,PRD002,5,70000,350000,225000,125000
TRX-202606-1899,2026-06-21,CUST008,PRD001,7,175000,1225000,840000,385000
TRX-202606-1900,2026-06-21,CUST006,PRD007,3,225000,675000,540000,135000
TRX-202606-1900,2026-06-21,CUST006,PRD005,5,105000,525000,350000,175000
TRX-202606-1900,2026-06-21,CUST006,PRD003,1,130000,130000,85000,45000
TRX-202606-1901,2026-06-21,CUST006,PRD012,1,48000,48000,32000,16000
TRX-202606-1901,2026-06-21,CUST006,PRD011,3,35000,105000,66000,39000
TRX-202606-1901,2026-06-21,CUST006,PRD003,4,130000,520000,340000,180000
TRX-202606-1902,2026-06-22,CUST008,PRD006,8,110000,880000,600000,280000
TRX-202606-1902,2026-06-22,CUST008,PRD004,7,105000,735000,490000,245000
TRX-202606-1902,2026-06-22,CUST008,PRD001,7,175000,1225000,840000,385000
TRX-202606-1903,2026-06-22,CUST002,PRD007,8,225000,1800000,1440000,360000
TRX-202606-1903,2026-06-22,CUST002,PRD010,3,20000,60000,36000,24000
TRX-202606-1903,2026-06-22,CUST002,PRD006,5,110000,550000,375000,175000
TRX-202606-1904,2026-06-23,CUST002,PRD011,3,35000,105000,66000,39000
TRX-202606-1904,2026-06-23,CUST002,PRD003,6,130000,780000,510000,270000
TRX-202606-1904,2026-06-23,CUST002,PRD001,2,175000,350000,240000,110000
TRX-202606-1905,2026-06-23,CUST004,PRD008,8,40000,320000,224000,96000
TRX-202606-1905,2026-06-23,CUST004,PRD004,1,105000,105000,70000,35000
TRX-202606-1905,2026-06-23,CUST004,PRD011,4,35000,140000,88000,52000
TRX-202606-1906,2026-06-23,CUST005,PRD003,5,130000,650000,425000,225000
TRX-202606-1906,2026-06-23,CUST005,PRD005,8,105000,840000,560000,280000
TRX-202606-1906,2026-06-23,CUST005,PRD011,5,35000,175000,110000,65000
TRX-202606-1907,2026-06-23,CUST001,PRD008,1,40000,40000,28000,12000
TRX-202606-1907,2026-06-23,CUST001,PRD007,8,225000,1800000,1440000,360000
TRX-202606-1908,2026-06-23,CUST007,PRD004,6,105000,630000,420000,210000
TRX-202606-1909,2026-06-24,CUST004,PRD001,2,175000,350000,240000,110000
TRX-202606-1909,2026-06-24,CUST004,PRD010,6,20000,120000,72000,48000
TRX-202606-1910,2026-06-24,CUST001,PRD006,2,110000,220000,150000,70000
TRX-202606-1910,2026-06-24,CUST001,PRD009,2,52000,104000,70000,34000
TRX-202606-1911,2026-06-24,CUST006,PRD005,7,105000,735000,490000,245000
TRX-202606-1911,2026-06-24,CUST006,PRD012,6,48000,288000,192000,96000
TRX-202606-1912,2026-06-24,CUST004,PRD011,1,35000,35000,22000,13000
TRX-202606-1912,2026-06-24,CUST004,PRD002,8,70000,560000,360000,200000
TRX-202606-1912,2026-06-24,CUST004,PRD007,8,225000,1800000,1440000,360000
TRX-202606-1913,2026-06-24,CUST001,PRD005,1,105000,105000,70000,35000
TRX-202606-1914,2026-06-25,CUST006,PRD009,1,52000,52000,35000,17000
TRX-202606-1914,2026-06-25,CUST006,PRD007,8,225000,1800000,1440000,360000
TRX-202606-1914,2026-06-25,CUST006,PRD005,1,105000,105000,70000,35000
TRX-202606-1915,2026-06-25,CUST003,PRD006,6,110000,660000,450000,210000
TRX-202606-1915,2026-06-25,CUST003,PRD003,2,130000,260000,170000,90000
TRX-202606-1916,2026-06-25,CUST007,PRD012,4,48000,192000,128000,64000
TRX-202606-1916,2026-06-25,CUST007,PRD007,4,225000,900000,720000,180000
TRX-202606-1917,2026-06-26,CUST002,PRD012,4,48000,192000,128000,64000
TRX-202606-1917,2026-06-26,CUST002,PRD011,2,35000,70000,44000,26000
TRX-202606-1917,2026-06-26,CUST002,PRD005,2,105000,210000,140000,70000
TRX-202606-1918,2026-06-26,CUST004,PRD003,2,130000,260000,170000,90000
TRX-202606-1918,2026-06-26,CUST004,PRD007,2,225000,450000,360000,90000
TRX-202606-1918,2026-06-26,CUST004,PRD011,6,35000,210000,132000,78000
TRX-202606-1919,2026-06-27,CUST006,PRD005,1,105000,105000,70000,35000
TRX-202606-1919,2026-06-27,CUST006,PRD012,3,48000,144000,96000,48000
TRX-202606-1919,2026-06-27,CUST006,PRD008,4,40000,160000,112000,48000
TRX-202606-1920,2026-06-27,CUST002,PRD002,7,70000,490000,315000,175000
TRX-202606-1920,2026-06-27,CUST002,PRD005,2,105000,210000,140000,70000
TRX-202606-1921,2026-06-27,CUST006,PRD004,7,105000,735000,490000,245000
TRX-202606-1921,2026-06-27,CUST006,PRD010,8,20000,160000,96000,64000
TRX-202606-1921,2026-06-27,CUST006,PRD005,7,105000,735000,490000,245000
TRX-202606-1922,2026-06-27,CUST007,PRD007,3,225000,675000,540000,135000
TRX-202606-1923,2026-06-28,CUST007,PRD004,1,105000,105000,70000,35000
TRX-202606-1923,2026-06-28,CUST007,PRD007,6,225000,1350000,1080000,270000
TRX-202606-1924,2026-06-28,CUST001,PRD012,2,48000,96000,64000,32000
TRX-202606-1925,2026-06-29,CUST006,PRD008,4,40000,160000,112000,48000
TRX-202606-1925,2026-06-29,CUST006,PRD010,2,20000,40000,24000,16000
TRX-202606-1925,2026-06-29,CUST006,PRD006,3,110000,330000,225000,105000
TRX-202606-1926,2026-06-29,CUST007,PRD001,7,175000,1225000,840000,385000
TRX-202606-1927,2026-06-29,CUST001,PRD008,6,40000,240000,168000,72000
TRX-202606-1928,2026-06-29,CUST008,PRD011,5,35000,175000,110000,65000
TRX-202606-1928,2026-06-29,CUST008,PRD006,5,110000,550000,375000,175000
TRX-202606-1929,2026-06-29,CUST003,PRD006,5,110000,550000,375000,175000
TRX-202606-1930,2026-06-30,CUST003,PRD011,2,35000,70000,44000,26000
TRX-202606-1930,2026-06-30,CUST003,PRD006,8,110000,880000,600000,280000
TRX-202606-1930,2026-06-30,CUST003,PRD003,8,130000,1040000,680000,360000
TRX-202606-1931,2026-06-30,CUST001,PRD012,7,48000,336000,224000,112000
TRX-202606-1931,2026-06-30,CUST001,PRD007,1,225000,225000,180000,45000
TRX-202606-1932,2026-06-30,CUST004,PRD002,3,70000,210000,135000,75000
TRX-202606-1932,2026-06-30,CUST004,PRD007,5,225000,1125000,900000,225000
